paths	score	execution_time	gap
[[0, 15, 5, 14, 29, 20, 33, 13, 8, 1, 28, 16, 31, 0], [0, 48, 37, 9, 32, 10, 45, 11, 41, 36, 26, 18, 25, 23, 44, 4, 0], [0, 12, 24, 38, 47, 2, 30, 40, 21, 39, 43, 42, 34, 35, 7, 22, 0]]	593.0	1851.1030769348145	9.74124809741248
[[0, 15, 9, 37, 10, 27, 45, 11, 32, 39, 42, 43, 46, 0], [0, 24, 14, 5, 29, 20, 33, 1, 28, 16, 31, 7, 35, 34, 22, 0], [0, 48, 30, 12, 38, 47, 21, 40, 25, 23, 36, 26, 18, 8, 0]]	595.0	1820.5125362873077	9.43683409436834
[[0, 15, 5, 14, 29, 20, 1, 28, 16, 26, 23, 25, 18, 8, 4, 0], [0, 24, 12, 38, 2, 30, 47, 40, 21, 43, 39, 31, 44, 35, 34, 22, 7, 0], [0, 48, 9, 37, 32, 10, 27, 45, 11, 42, 46, 3, 0]]	598.0	1827.5491738319397	8.980213089802131
[[0, 14, 37, 5, 29, 20, 33, 1, 28, 16, 31, 44, 35, 34, 22, 7, 0], [0, 15, 10, 48, 27, 45, 11, 32, 2, 23, 25, 18, 26, 8, 4, 0], [0, 9, 12, 38, 30, 24, 47, 40, 21, 39, 43, 42, 46, 0]]	601.0	1836.2718200683594	8.52359208523592
[[0, 48, 32, 37, 10, 45, 11, 42, 44, 39, 43, 46, 0], [0, 15, 47, 24, 12, 38, 30, 2, 21, 40, 25, 23, 36, 31, 35, 34, 22, 7, 0], [0, 9, 14, 5, 29, 20, 33, 1, 28, 16, 26, 18, 8, 4, 0]]	595.0	1876.7902128696442	9.43683409436834
