paths	score	execution_time	gap
[[0, 9, 24, 47, 12, 38, 30, 2, 32, 37, 10, 11, 45, 28, 1, 16, 36, 31, 35, 34, 22, 7, 0]]	308.0	1870.6856768131256	53.12024353120244
[[0, 9, 24, 47, 12, 38, 30, 32, 37, 10, 45, 11, 21, 43, 42, 34, 35, 7, 22, 0]]	305.0	1845.0809924602509	53.57686453576864
[[0, 9, 24, 47, 12, 38, 30, 32, 37, 10, 45, 11, 21, 43, 42, 35, 34, 22, 7, 0]]	305.0	1910.1635403633118	53.57686453576864
[[0, 9, 24, 47, 12, 38, 30, 2, 32, 37, 10, 11, 45, 28, 1, 16, 36, 31, 35, 34, 22, 7, 0]]	308.0	1862.9587306976318	53.12024353120244
[[0, 9, 24, 47, 12, 38, 30, 32, 37, 10, 45, 11, 21, 43, 42, 35, 34, 22, 7, 0]]	305.0	1884.5739421844482	53.57686453576864
