paths	score	execution_time	gap
[[0, 9, 24, 47, 12, 38, 30, 2, 32, 37, 10, 45, 11, 42, 43, 39, 44, 35, 34, 22, 7, 0], [0, 48, 14, 5, 29, 20, 33, 1, 28, 16, 26, 25, 23, 31, 4, 0]]	485.0	1968.068118572235	26.17960426179604
[[0, 24, 47, 12, 38, 5, 29, 20, 1, 28, 23, 25, 18, 26, 16, 8, 0], [0, 48, 37, 9, 30, 2, 32, 10, 45, 11, 42, 43, 39, 44, 35, 34, 22, 7, 0]]	479.0	1987.0644721984863	27.09284627092846
[[0, 9, 47, 24, 12, 38, 30, 2, 32, 37, 10, 45, 11, 42, 34, 22, 7, 44, 31, 35, 0], [0, 48, 14, 5, 29, 20, 1, 28, 16, 26, 23, 25, 18, 8, 4, 0]]	466.0	1952.6572642326355	29.071537290715373
[[0, 9, 24, 47, 12, 38, 30, 2, 32, 37, 10, 11, 45, 42, 43, 39, 44, 35, 34, 22, 7, 0], [0, 48, 14, 5, 29, 20, 1, 28, 16, 26, 18, 25, 23, 31, 4, 0]]	483.0	2039.7086925506592	26.48401826484018
[[0, 48, 10, 14, 5, 29, 20, 1, 28, 16, 26, 23, 36, 31, 44, 35, 22, 7, 0], [0, 9, 24, 47, 12, 38, 30, 2, 32, 37, 27, 45, 11, 34, 42, 43, 46, 0]]	479.0	2043.7800767421722	27.09284627092846
