paths	score	execution_time	gap
[[0, 6, 32, 17, 64, 92, 38, 93, 55, 44, 37, 19, 81, 87, 78, 33, 77, 0], [0, 18, 80, 24, 67, 22, 15, 29, 28, 45, 65, 47, 10, 2, 88, 16, 20, 0], [0, 73, 62, 60, 72, 57, 95, 58, 41, 52, 61, 35, 31, 49, 4, 11, 54, 70, 0], [0, 71, 14, 50, 96, 56, 42, 85, 46, 91, 26, 21, 25, 9, 69, 5, 0]]	1012.0	2683.976423025131	17.04918032786885
[[0, 60, 89, 79, 28, 84, 86, 41, 61, 45, 46, 66, 10, 51, 2, 87, 0], [0, 94, 72, 73, 62, 17, 64, 92, 38, 93, 55, 44, 37, 25, 54, 11, 21, 40, 77, 0], [0, 71, 22, 32, 57, 58, 29, 95, 65, 47, 56, 1, 88, 33, 78, 9, 69, 16, 0], [0, 6, 80, 24, 14, 67, 42, 85, 15, 30, 91, 26, 35, 4, 31, 52, 70, 81, 19, 74, 20, 0]]	1003.0	2797.013491630554	17.78688524590164
[[0, 6, 80, 24, 67, 14, 95, 29, 57, 28, 52, 61, 35, 31, 4, 59, 81, 19, 74, 16, 20, 0], [0, 60, 72, 32, 22, 42, 15, 23, 30, 45, 26, 82, 11, 21, 91, 46, 36, 33, 87, 0], [0, 94, 73, 62, 17, 64, 86, 65, 47, 85, 66, 10, 2, 78, 88, 1, 54, 77, 0], [0, 71, 79, 89, 58, 41, 93, 38, 92, 55, 44, 37, 69, 9, 25, 70, 0]]	998.0	2731.650246620178	18.19672131147541
[[0, 90, 63, 41, 84, 58, 61, 52, 35, 91, 26, 11, 21, 46, 1, 5, 0], [0, 60, 22, 72, 64, 92, 38, 93, 55, 44, 69, 9, 37, 19, 74, 20, 16, 0], [0, 73, 62, 17, 32, 95, 29, 65, 47, 42, 85, 56, 66, 10, 51, 2, 78, 88, 33, 87, 0], [0, 6, 80, 24, 14, 67, 71, 15, 30, 57, 45, 31, 4, 82, 54, 59, 81, 25, 70, 77, 0]]	1007.0	2634.763065814972	17.45901639344262
[[0, 71, 57, 15, 30, 23, 35, 45, 52, 26, 21, 91, 46, 9, 69, 74, 77, 0], [0, 22, 32, 62, 17, 64, 92, 38, 93, 55, 44, 37, 16, 20, 19, 81, 54, 0], [0, 6, 24, 80, 48, 67, 14, 42, 65, 47, 85, 56, 66, 51, 10, 2, 78, 33, 5, 0], [0, 60, 72, 58, 79, 28, 95, 29, 41, 61, 31, 4, 49, 11, 70, 25, 87, 0]]	1014.0	2463.0704617500305	16.885245901639344
