paths	score	execution_time	gap
[[0, 118, 130, 28, 5, 104, 29, 59, 82, 53, 66, 96, 81, 143, 63, 43, 22, 123, 18, 33, 4, 25, 0]]	381.0	2055.084789276123	78.69127516778524
[[0, 64, 130, 28, 5, 104, 23, 81, 53, 82, 29, 128, 123, 18, 16, 43, 22, 93, 33, 25, 4, 0]]	382.0	1993.7029554843903	78.63534675615213
[[0, 64, 130, 28, 5, 87, 17, 26, 139, 129, 133, 91, 107, 11, 35, 63, 43, 22, 18, 123, 33, 25, 4, 0]]	385.0	1991.0823030471802	78.46756152125279
[[0, 118, 130, 122, 28, 5, 104, 65, 29, 53, 82, 59, 93, 33, 128, 123, 18, 22, 63, 43, 25, 4, 0]]	382.0	2112.9168639183044	78.63534675615213
[[0, 118, 130, 122, 28, 5, 104, 23, 81, 53, 82, 29, 93, 33, 128, 123, 18, 22, 63, 43, 25, 4, 0]]	385.0	2086.2390537261963	78.46756152125279
