paths	score	execution_time	gap
[[0, 64, 7, 86, 104, 65, 29, 82, 53, 90, 96, 81, 32, 94, 2, 44, 124, 48, 142, 77, 0], [0, 118, 130, 122, 28, 5, 87, 17, 26, 139, 133, 129, 91, 107, 41, 63, 43, 18, 123, 93, 33, 25, 4, 0]]	718.0	2016.7801721096039	59.8434004474273
[[0, 118, 15, 5, 87, 139, 17, 26, 35, 91, 129, 107, 78, 22, 123, 18, 33, 4, 25, 0], [0, 130, 122, 64, 7, 53, 82, 29, 65, 59, 96, 81, 32, 2, 124, 44, 94, 48, 142, 77, 0]]	686.0	2067.768402338028	61.6331096196868
[[0, 118, 39, 28, 5, 17, 26, 139, 133, 129, 91, 107, 22, 18, 123, 128, 33, 93, 4, 25, 0], [0, 130, 122, 64, 138, 7, 53, 82, 59, 29, 96, 81, 32, 2, 44, 124, 94, 48, 142, 77, 0]]	693.0	2085.9061892032623	61.241610738255034
[[0, 118, 28, 122, 102, 7, 53, 82, 59, 29, 66, 96, 81, 2, 124, 44, 94, 48, 142, 77, 0], [0, 64, 130, 99, 5, 87, 17, 139, 26, 80, 129, 91, 107, 35, 63, 43, 22, 18, 123, 33, 25, 4, 0]]	717.0	1970.4710240364075	59.89932885906041
[[0, 130, 28, 39, 17, 87, 139, 26, 133, 129, 91, 35, 41, 143, 16, 123, 128, 33, 25, 22, 18, 43, 4, 0], [0, 64, 7, 122, 5, 104, 29, 82, 53, 90, 96, 81, 94, 2, 48, 124, 144, 142, 0]]	684.0	2082.480042219162	61.74496644295302
