paths	score	execution_time	gap
[[0, 7, 65, 104, 138, 53, 82, 29, 59, 93, 33, 128, 123, 18, 25, 22, 43, 63, 4, 0], [0, 54, 49, 120, 126, 6, 117, 56, 79, 70, 24, 35, 143, 124, 94, 142, 0], [0, 122, 106, 15, 28, 5, 87, 17, 26, 139, 133, 80, 129, 91, 107, 78, 112, 12, 10, 127, 14, 121, 3, 0], [0, 118, 130, 99, 64, 102, 23, 81, 32, 97, 2, 44, 31, 114, 27, 144, 48, 77, 0]]	1119.0	2826.024598121643	37.41610738255034
[[0, 118, 38, 102, 23, 35, 41, 81, 44, 124, 2, 94, 48, 63, 43, 0], [0, 130, 64, 7, 104, 65, 53, 29, 82, 59, 128, 18, 123, 22, 25, 33, 93, 77, 0], [0, 122, 15, 28, 5, 87, 17, 139, 52, 88, 80, 26, 71, 129, 91, 73, 14, 45, 109, 107, 144, 142, 0], [0, 51, 115, 105, 101, 56, 37, 6, 117, 24, 70, 79, 100, 72, 74, 112, 10, 12, 19, 4, 0]]	1099.0	2783.155768632889	38.53467561521253
[[0, 118, 39, 17, 139, 62, 87, 133, 129, 80, 26, 35, 107, 91, 45, 109, 95, 3, 14, 10, 112, 12, 0], [0, 7, 28, 5, 104, 65, 29, 59, 82, 53, 93, 33, 128, 22, 78, 73, 121, 0], [0, 64, 130, 38, 99, 23, 81, 32, 102, 97, 134, 124, 2, 44, 94, 48, 142, 77, 0], [0, 54, 37, 51, 6, 56, 115, 105, 117, 68, 16, 143, 63, 43, 18, 123, 25, 4, 83, 34, 0]]	1091.0	2735.8061521053314	38.982102908277405
[[0, 118, 28, 39, 139, 17, 26, 87, 129, 88, 52, 80, 91, 71, 3, 14, 127, 73, 10, 12, 0], [0, 54, 126, 86, 7, 53, 82, 59, 29, 66, 96, 81, 94, 2, 124, 44, 144, 48, 142, 0], [0, 130, 122, 64, 102, 5, 23, 35, 107, 78, 109, 45, 112, 19, 4, 0], [0, 76, 65, 104, 58, 68, 6, 117, 56, 70, 24, 22, 123, 128, 33, 93, 18, 43, 25, 0]]	1094.0	2562.9783391952515	38.81431767337807
[[0, 39, 62, 38, 103, 20, 31, 136, 113, 124, 44, 94, 48, 144, 142, 0], [0, 118, 130, 122, 28, 5, 87, 17, 26, 139, 133, 80, 129, 91, 107, 35, 78, 109, 45, 73, 14, 10, 112, 12, 0], [0, 115, 101, 105, 37, 51, 6, 68, 65, 29, 53, 82, 59, 18, 22, 123, 128, 93, 33, 25, 4, 0], [0, 7, 99, 64, 23, 81, 102, 2, 97, 134, 32, 96, 66, 21, 43, 63, 3, 0]]	1107.0	2632.4413793087006	38.08724832214765
