paths	score	execution_time	gap
[[0, 145, 3, 38, 91, 10, 98, 69, 115, 148, 89, 9, 177, 56, 42, 61, 189, 121, 67, 104, 65, 117, 5, 152, 0], [0, 108, 25, 110, 131, 12, 180, 90, 124, 175, 8, 44, 37, 17, 185, 101, 33, 168, 161, 154, 93, 186, 139, 128, 0]]	816.0	3241.9856128692627	67.05692369802179
[[0, 23, 41, 49, 63, 153, 180, 148, 12, 89, 9, 177, 56, 42, 161, 104, 121, 67, 65, 117, 152, 186, 0], [0, 110, 25, 108, 3, 38, 91, 113, 10, 98, 36, 22, 66, 106, 190, 188, 123, 58, 133, 139, 93, 168, 144, 92, 0]]	823.0	3456.1766085624695	66.77432377876464
[[0, 110, 25, 79, 107, 178, 3, 91, 38, 137, 188, 123, 7, 74, 155, 174, 176, 60, 95, 117, 65, 152, 186, 0], [0, 31, 4, 23, 51, 88, 44, 185, 8, 124, 90, 189, 9, 177, 42, 61, 67, 121, 161, 154, 93, 139, 128, 0]]	812.0	3233.358945131302	67.21840936616876
[[0, 31, 4, 23, 51, 63, 90, 124, 175, 8, 44, 37, 17, 185, 33, 144, 101, 168, 93, 128, 186, 0], [0, 110, 25, 3, 38, 91, 113, 27, 148, 12, 89, 56, 42, 61, 189, 9, 177, 121, 67, 65, 117, 104, 68, 152, 0]]	796.0	3275.754371881485	67.86435203875656
[[0, 110, 25, 108, 79, 178, 137, 3, 38, 91, 113, 135, 190, 106, 148, 22, 36, 101, 144, 33, 168, 154, 67, 0], [0, 31, 23, 49, 63, 153, 28, 8, 44, 185, 124, 90, 189, 56, 42, 177, 9, 117, 5, 95, 155, 152, 186, 128, 0]]	825.0	1850.4351966381073	66.69358094469115
