paths	score	execution_time	gap
[[0, 110, 25, 3, 38, 91, 27, 113, 115, 63, 124, 90, 189, 56, 42, 177, 9, 95, 60, 155, 117, 65, 152, 186, 0]]	460.0	2053.027617931366	81.42914816310054
[[0, 110, 25, 38, 91, 113, 153, 90, 63, 124, 41, 44, 185, 8, 136, 189, 42, 9, 177, 121, 67, 104, 154, 152, 186, 0]]	451.0	2010.0877697467804	81.79249091643118
[[0, 110, 25, 108, 79, 178, 3, 137, 38, 135, 91, 190, 66, 106, 148, 177, 9, 42, 121, 104, 67, 117, 65, 152, 0]]	447.0	2026.64750790596	81.95397658457811
[[0, 110, 25, 3, 38, 91, 10, 98, 27, 113, 148, 12, 89, 56, 42, 177, 9, 104, 121, 67, 65, 117, 152, 186, 0]]	453.0	1996.5339741706848	81.71174808235769
[[0, 71, 91, 10, 113, 115, 90, 153, 63, 124, 41, 175, 8, 44, 185, 54, 189, 9, 177, 121, 67, 65, 117, 152, 186, 0]]	454.0	1902.4641501903534	81.67137666532095
