paths	score	execution_time	gap
[[0, 23, 182, 51, 90, 124, 175, 8, 37, 44, 100, 17, 185, 151, 101, 120, 92, 26, 191, 0], [0, 110, 25, 108, 79, 3, 137, 38, 135, 113, 148, 189, 56, 42, 61, 9, 177, 121, 67, 161, 68, 154, 144, 0], [0, 31, 63, 49, 41, 28, 153, 180, 12, 89, 174, 80, 176, 106, 155, 60, 95, 5, 117, 65, 152, 186, 0], [0, 171, 91, 10, 47, 39, 109, 97, 16, 62, 77, 36, 168, 33, 22, 93, 139, 104, 0]]	1377.0	3945.9686505794525	44.40855874041179
[[0, 171, 49, 41, 63, 28, 153, 180, 90, 89, 9, 177, 56, 189, 161, 18, 121, 67, 65, 117, 152, 68, 0], [0, 110, 32, 71, 50, 12, 174, 131, 80, 74, 72, 7, 123, 188, 155, 60, 95, 5, 104, 15, 0], [0, 108, 25, 79, 178, 3, 137, 38, 135, 91, 113, 98, 77, 62, 106, 138, 66, 93, 22, 168, 101, 33, 154, 186, 139, 128, 0], [0, 31, 23, 51, 124, 175, 8, 44, 185, 37, 146, 102, 43, 54, 61, 42, 191, 26, 184, 87, 119, 144, 92, 0]]	1423.0	3871.9363663196564	42.551473556721845
[[0, 31, 182, 171, 153, 180, 71, 32, 165, 9, 177, 56, 42, 189, 104, 121, 67, 161, 154, 15, 68, 0], [0, 110, 25, 79, 81, 131, 89, 12, 174, 80, 176, 74, 188, 123, 72, 155, 60, 95, 5, 117, 65, 152, 0], [0, 108, 107, 157, 3, 137, 38, 91, 113, 190, 66, 62, 22, 168, 36, 52, 64, 139, 128, 186, 0], [0, 167, 47, 10, 98, 115, 90, 63, 124, 41, 175, 8, 44, 185, 37, 146, 43, 61, 191, 26, 92, 87, 119, 144, 0]]	1402.0	3571.324599981308	43.399273314493335
[[0, 71, 63, 180, 115, 69, 113, 91, 190, 135, 13, 80, 72, 74, 155, 176, 60, 95, 117, 65, 104, 67, 68, 0], [0, 55, 127, 85, 162, 47, 97, 109, 16, 62, 77, 22, 168, 36, 134, 24, 64, 19, 59, 139, 0], [0, 110, 25, 108, 79, 178, 137, 3, 38, 12, 148, 9, 177, 56, 42, 61, 189, 121, 161, 152, 154, 186, 128, 0], [0, 171, 49, 41, 28, 153, 94, 124, 8, 103, 185, 37, 175, 44, 146, 179, 191, 26, 184, 92, 87, 119, 144, 0]]	1357.0	3578.219652414322	45.215987081146544
[[0, 71, 63, 180, 50, 90, 36, 98, 77, 16, 109, 133, 58, 60, 95, 155, 186, 139, 128, 0], [0, 31, 182, 171, 115, 153, 84, 124, 41, 8, 175, 44, 37, 185, 146, 179, 191, 61, 26, 184, 87, 119, 144, 92, 0], [0, 49, 28, 10, 69, 113, 27, 91, 148, 12, 89, 165, 9, 56, 42, 189, 161, 177, 121, 65, 117, 5, 0], [0, 110, 25, 38, 3, 178, 79, 137, 7, 81, 74, 188, 190, 66, 106, 62, 22, 168, 101, 33, 154, 104, 67, 152, 0]]	1432.0	3600.8500130176544	42.188130803391196
