paths	score	execution_time	gap
[[0, 80, 81, 153, 204, 119, 88, 176, 164, 71, 26, 27, 179, 34, 123, 43, 237, 238, 18, 36, 165, 79, 212, 85, 30, 198, 182, 143, 144, 218, 201, 0]]	536.0	2569.6142613887787	84.00477469412115
[[0, 80, 81, 153, 204, 176, 88, 71, 119, 26, 179, 43, 238, 18, 165, 102, 193, 11, 142, 203, 235, 187, 230, 66, 9, 112, 32, 197, 131, 0]]	542.0	1914.7735040187836	83.82572366457774
[[0, 174, 137, 62, 77, 153, 221, 204, 2, 147, 47, 216, 27, 26, 179, 34, 237, 43, 123, 18, 165, 85, 212, 235, 187, 142, 150, 197, 28, 181, 9, 32, 0]]	543.0	1860.2222607135773	83.79588182632051
[[0, 156, 202, 62, 77, 137, 153, 221, 204, 147, 47, 2, 27, 26, 43, 237, 179, 238, 18, 165, 105, 212, 85, 182, 198, 136, 166, 32, 9, 28, 181, 197, 131, 0]]	528.0	1837.646406173706	84.24350940017905
[[0, 77, 137, 153, 162, 62, 204, 27, 47, 2, 147, 26, 179, 237, 43, 238, 18, 165, 85, 182, 198, 212, 121, 187, 235, 142, 197, 28, 181, 9, 32, 225, 0]]	529.0	1897.9918940067291	84.21366756192181
