paths	score	execution_time	gap
[[0, 156, 202, 162, 77, 62, 118, 145, 3, 205, 100, 188, 105, 165, 18, 85, 212, 182, 198, 64, 166, 9, 32, 28, 181, 197, 131, 0], [0, 80, 83, 24, 116, 135, 29, 81, 193, 102, 235, 11, 91, 75, 157, 142, 203, 158, 129, 61, 173, 72, 133, 225, 0], [0, 153, 137, 204, 176, 88, 71, 119, 26, 216, 47, 147, 2, 27, 179, 237, 34, 123, 43, 238, 67, 163, 144, 143, 201, 239, 218, 178, 0]]	1339.0	5544.742004394531	60.04177857356014
[[0, 80, 81, 135, 83, 24, 156, 3, 62, 208, 179, 26, 237, 123, 238, 18, 36, 67, 173, 61, 158, 15, 129, 33, 131, 124, 197, 0], [0, 204, 119, 88, 176, 2, 147, 47, 216, 27, 43, 212, 198, 136, 166, 12, 32, 9, 66, 112, 192, 181, 225, 0], [0, 77, 137, 153, 162, 213, 29, 231, 115, 125, 102, 235, 11, 203, 193, 142, 187, 105, 165, 79, 85, 182, 143, 72, 239, 218, 201, 0]]	1320.0	5417.154546260834	60.60877350044763
[[0, 83, 81, 29, 74, 219, 185, 66, 112, 107, 13, 136, 64, 198, 182, 85, 79, 121, 30, 225, 201, 0], [0, 204, 153, 119, 88, 176, 229, 27, 47, 147, 2, 216, 40, 26, 179, 237, 43, 34, 123, 72, 143, 238, 36, 67, 173, 65, 92, 144, 218, 178, 0], [0, 135, 80, 24, 156, 205, 3, 145, 62, 18, 165, 102, 193, 11, 142, 203, 235, 187, 230, 20, 197, 28, 181, 9, 32, 103, 0]]	1360.0	5394.348066329956	59.41509997015816
[[0, 24, 83, 135, 80, 81, 29, 84, 154, 157, 75, 91, 11, 193, 142, 203, 187, 37, 212, 64, 198, 182, 85, 215, 218, 239, 201, 0], [0, 156, 152, 120, 53, 3, 118, 62, 230, 235, 102, 158, 129, 61, 173, 67, 143, 72, 144, 92, 178, 0], [0, 204, 153, 119, 176, 88, 71, 27, 2, 147, 47, 216, 127, 26, 179, 237, 43, 123, 238, 18, 36, 165, 79, 105, 148, 227, 121, 136, 32, 9, 103, 0]]	1339.0	4600.770196437836	60.04177857356014
[[0, 159, 115, 231, 81, 29, 183, 102, 193, 11, 157, 125, 61, 173, 129, 158, 142, 55, 197, 28, 181, 9, 0], [0, 156, 24, 53, 120, 205, 3, 145, 118, 62, 212, 100, 188, 105, 165, 18, 238, 36, 67, 144, 143, 79, 227, 201, 225, 0], [0, 77, 153, 204, 176, 88, 50, 71, 119, 26, 27, 2, 147, 47, 110, 216, 179, 237, 43, 123, 72, 85, 182, 136, 198, 64, 30, 121, 32, 103, 0]]	1317.0	3806.1749081611633	60.698299015219334
