paths	score	execution_time	gap
[[0, 156, 135, 268, 170, 50, 2, 250, 16, 219, 130, 87, 78, 230, 121, 128, 182, 33, 215, 228, 167, 143, 197, 286, 103, 131, 0], [0, 81, 267, 279, 168, 118, 176, 39, 11, 111, 209, 40, 232, 223, 188, 151, 237, 82, 234, 236, 133, 191, 0]]	915.0	3014.3835005760193	75.07491146826479
[[0, 44, 254, 153, 268, 211, 50, 170, 114, 111, 67, 11, 39, 172, 220, 256, 112, 140, 41, 194, 224, 269, 49, 281, 218, 131, 0], [0, 204, 135, 156, 118, 176, 168, 250, 130, 210, 99, 127, 188, 223, 151, 232, 261, 273, 78, 87, 252, 228, 167, 215, 33, 182, 197, 286, 0]]	927.0	2968.0308825969696	74.7480250612912
[[0, 174, 134, 267, 195, 279, 138, 130, 219, 26, 46, 52, 241, 166, 127, 261, 87, 78, 215, 33, 228, 252, 133, 191, 236, 97, 0], [0, 156, 135, 268, 176, 118, 177, 111, 179, 3, 67, 11, 285, 172, 220, 194, 256, 112, 140, 41, 224, 255, 269, 49, 218, 131, 0]]	885.0	2956.2175991535187	75.89212748569872
[[0, 156, 135, 153, 268, 176, 118, 168, 211, 250, 238, 130, 166, 139, 182, 128, 230, 143, 228, 33, 215, 30, 121, 124, 197, 286, 0], [0, 81, 279, 267, 195, 154, 52, 26, 219, 16, 99, 127, 188, 232, 223, 151, 237, 209, 40, 23, 96, 133, 28, 218, 131, 0]]	902.0	2826.442218542099	75.42903840915281
[[0, 169, 90, 8, 135, 221, 3, 111, 114, 170, 237, 40, 232, 223, 188, 151, 113, 234, 96, 82, 181, 133, 236, 191, 0], [0, 156, 242, 254, 153, 268, 168, 176, 118, 11, 39, 127, 99, 130, 166, 129, 246, 228, 167, 33, 215, 182, 143, 121, 124, 197, 286, 0]]	908.0	3014.4791297912598	75.26559520566603
