paths	score	execution_time	gap
[[0, 156, 135, 118, 176, 268, 170, 50, 2, 223, 188, 127, 99, 87, 78, 143, 230, 128, 121, 12, 215, 33, 182, 167, 228, 252, 197, 286, 0]]	532.0	2478.605120897293	85.50803595750477
[[0, 156, 135, 268, 118, 176, 254, 231, 3, 111, 179, 67, 11, 39, 172, 261, 87, 78, 143, 287, 197, 182, 215, 33, 228, 167, 252, 286, 0]]	557.0	2487.8377935886383	84.82702260964315
[[0, 268, 176, 118, 135, 156, 3, 231, 254, 111, 11, 39, 220, 256, 20, 261, 78, 228, 215, 143, 197, 287, 286, 103, 131, 0]]	509.0	2293.0209336280823	86.13456823753745
[[0, 268, 153, 156, 135, 176, 118, 179, 111, 11, 190, 39, 172, 232, 151, 223, 188, 127, 87, 78, 182, 215, 33, 167, 228, 252, 225, 0]]	515.0	2540.5725071430206	85.97112503405067
[[0, 156, 135, 176, 118, 268, 168, 99, 130, 219, 26, 241, 52, 246, 12, 128, 121, 230, 34, 286, 287, 197, 143, 182, 228, 167, 252, 201, 0]]	504.0	2527.918756723404	86.27077090710978
