paths	score	execution_time	gap
[[0, 12, 7, 50, 41, 23, 47, 43, 51, 59, 13, 63, 28, 52, 72, 0], [0, 31, 38, 35, 25, 22, 56, 32, 69, 44, 3, 15, 45, 8, 54, 34, 36, 0], [0, 29, 46, 53, 5, 4, 48, 14, 66, 30, 70, 27, 60, 19, 42, 58, 37, 0]]	717.0	2351.220195531845	24.367088607594937
[[0, 31, 2, 38, 35, 25, 22, 56, 32, 62, 44, 54, 3, 8, 72, 15, 45, 34, 0], [0, 16, 53, 46, 29, 4, 69, 48, 66, 30, 70, 65, 60, 42, 37, 0], [0, 12, 7, 50, 41, 23, 47, 51, 49, 55, 52, 61, 58, 19, 36, 0]]	711.0	2365.8835475444794	25.0
[[0, 31, 2, 38, 35, 56, 22, 69, 32, 44, 54, 3, 15, 45, 8, 34, 40, 0], [0, 7, 12, 50, 41, 23, 47, 68, 43, 49, 61, 63, 52, 37, 0], [0, 53, 29, 25, 67, 70, 9, 30, 66, 48, 21, 55, 58, 42, 60, 19, 36, 0]]	706.0	2352.4814007282257	25.52742616033755
[[0, 12, 7, 50, 41, 23, 47, 68, 43, 51, 59, 61, 49, 37, 58, 42, 19, 0], [0, 29, 53, 4, 22, 56, 32, 69, 44, 54, 3, 34, 8, 15, 45, 72, 0], [0, 38, 2, 35, 25, 67, 14, 9, 48, 66, 30, 60, 70, 21, 55, 52, 36, 0]]	721.0	2376.5799963474274	23.945147679324894
[[0, 31, 2, 38, 35, 67, 30, 9, 66, 48, 14, 70, 60, 37, 58, 42, 19, 36, 0], [0, 53, 29, 56, 22, 25, 69, 32, 54, 3, 15, 44, 34, 8, 45, 72, 0], [0, 12, 7, 50, 41, 23, 47, 68, 43, 51, 59, 61, 49, 21, 55, 52, 28, 0]]	726.0	2330.112361907959	23.417721518987342
