paths	score	execution_time	gap
[[0, 12, 7, 29, 22, 56, 32, 69, 44, 54, 3, 8, 34, 15, 45, 72, 0], [0, 31, 38, 35, 25, 67, 30, 9, 66, 48, 21, 55, 70, 60, 19, 42, 58, 37, 0]]	552.0	1940.484570980072	41.77215189873418
[[0, 12, 7, 29, 4, 11, 9, 30, 66, 48, 70, 60, 42, 58, 37, 19, 36, 0], [0, 31, 2, 38, 35, 56, 22, 69, 32, 44, 54, 3, 15, 45, 72, 8, 34, 0]]	547.0	1984.271383523941	42.29957805907173
[[0, 31, 2, 38, 35, 25, 22, 56, 32, 69, 3, 54, 44, 34, 8, 15, 45, 72, 0], [0, 12, 7, 50, 41, 23, 47, 43, 21, 48, 66, 70, 60, 19, 42, 58, 37, 0]]	561.0	1939.9426443576813	40.822784810126585
[[0, 12, 7, 50, 41, 43, 9, 30, 66, 48, 21, 70, 60, 19, 42, 58, 37, 0], [0, 31, 2, 38, 35, 25, 22, 56, 32, 69, 44, 54, 3, 15, 45, 8, 34, 36, 0]]	552.0	1929.0680935382843	41.77215189873418
[[0, 12, 7, 46, 53, 29, 4, 9, 30, 66, 48, 70, 27, 60, 42, 19, 58, 37, 0], [0, 31, 2, 38, 35, 25, 22, 56, 32, 69, 44, 54, 8, 3, 45, 15, 72, 34, 0]]	557.0	1966.678594827652	41.244725738396625
