paths	score	execution_time	gap
[[0, 12, 7, 29, 4, 22, 56, 32, 69, 44, 54, 3, 15, 45, 8, 34, 36, 0]]	291.0	1825.1808197498322	69.30379746835443
[[0, 31, 2, 38, 35, 56, 22, 69, 32, 44, 54, 3, 15, 45, 72, 8, 34, 0]]	288.0	1874.0200219154358	69.62025316455697
[[0, 31, 2, 38, 35, 56, 22, 69, 32, 44, 54, 3, 15, 45, 72, 8, 34, 0]]	288.0	1850.0921680927277	69.62025316455697
[[0, 12, 7, 29, 4, 22, 56, 32, 44, 54, 3, 15, 8, 60, 42, 19, 36, 0]]	293.0	1906.7067697048187	69.09282700421942
[[0, 31, 2, 38, 35, 25, 22, 56, 32, 69, 54, 3, 44, 34, 8, 15, 45, 72, 0]]	298.0	1940.5142951011658	68.56540084388185
