paths	score	execution_time	gap
[[0, 53, 129, 74, 63, 22, 50, 34, 97, 127, 106, 133, 90, 8, 113, 23, 140, 28, 109, 35, 42, 16, 19, 0], [0, 136, 68, 108, 139, 77, 125, 54, 43, 56, 24, 92, 48, 107, 124, 112, 76, 1, 33, 41, 144, 59, 111, 0]]	749.0	2280.655476331711	62.66201395812563
[[0, 136, 100, 36, 83, 32, 56, 135, 54, 24, 92, 55, 124, 1, 85, 138, 41, 144, 71, 111, 0], [0, 63, 129, 74, 125, 68, 108, 77, 127, 97, 106, 133, 34, 109, 10, 128, 113, 8, 23, 42, 35, 28, 140, 19, 0]]	768.0	2335.0752503871918	61.7148554336989
[[0, 136, 68, 108, 139, 77, 125, 46, 56, 135, 32, 14, 112, 64, 107, 1, 76, 33, 41, 92, 144, 59, 71, 111, 0], [0, 100, 30, 43, 72, 17, 75, 44, 54, 106, 133, 34, 109, 8, 113, 61, 16, 23, 28, 140, 19, 0]]	764.0	2237.0605776309967	61.91425722831505
[[0, 63, 53, 129, 74, 44, 54, 72, 43, 56, 135, 24, 92, 48, 55, 124, 112, 76, 1, 138, 41, 144, 59, 19, 0], [0, 136, 46, 68, 108, 125, 77, 114, 127, 97, 106, 133, 34, 128, 113, 8, 23, 109, 28, 140, 71, 111, 0]]	776.0	2241.518659353256	61.3160518444666
[[0, 139, 77, 108, 68, 125, 46, 56, 72, 54, 17, 98, 55, 92, 48, 124, 112, 1, 76, 33, 41, 144, 71, 59, 19, 0], [0, 22, 63, 74, 129, 114, 115, 127, 106, 133, 34, 102, 109, 35, 8, 16, 113, 61, 23, 140, 28, 101, 0]]	797.0	2208.7803978919983	60.26919242273181
