paths	score	execution_time	gap
[[0, 139, 77, 108, 68, 125, 54, 72, 17, 98, 43, 56, 24, 135, 55, 92, 33, 76, 85, 1, 41, 144, 59, 19, 0]]	432.0	1909.189607143402	78.46460618145564
[[0, 139, 108, 68, 77, 125, 54, 72, 43, 17, 98, 55, 48, 92, 24, 135, 124, 112, 76, 1, 33, 41, 144, 19, 0]]	440.0	1961.354266166687	78.06580259222333
[[0, 139, 108, 68, 5, 77, 125, 54, 72, 17, 98, 131, 48, 55, 92, 24, 135, 33, 76, 1, 41, 144, 71, 59, 19, 0]]	441.0	2167.8343589305878	78.0159521435693
[[0, 136, 68, 108, 77, 125, 56, 54, 17, 98, 55, 48, 92, 24, 135, 45, 33, 1, 41, 144, 71, 59, 19, 0]]	440.0	1906.5424671173096	78.06580259222333
[[0, 139, 108, 68, 77, 125, 46, 56, 72, 54, 75, 17, 98, 55, 48, 92, 24, 135, 33, 76, 1, 41, 144, 71, 59, 19, 0]]	460.0	2004.3968510627747	77.06879361914257
