paths	score	execution_time	gap
[[0, 139, 108, 77, 68, 125, 54, 114, 127, 106, 133, 97, 34, 109, 10, 35, 23, 8, 113, 61, 16, 42, 19, 0], [0, 117, 87, 36, 100, 30, 58, 86, 52, 112, 14, 64, 76, 1, 107, 21, 124, 2, 41, 59, 144, 111, 0], [0, 74, 46, 43, 44, 115, 75, 17, 98, 55, 81, 92, 99, 123, 71, 13, 140, 28, 101, 0], [0, 63, 129, 72, 136, 83, 48, 56, 24, 135, 65, 33, 85, 67, 70, 138, 0]]	1265.0	2779.1143584251404	36.93918245264207
[[0, 139, 46, 43, 17, 72, 54, 44, 115, 75, 98, 55, 99, 123, 144, 41, 33, 19, 0], [0, 136, 30, 100, 36, 83, 14, 52, 58, 48, 92, 24, 65, 28, 13, 59, 71, 111, 0], [0, 63, 129, 22, 50, 74, 106, 97, 127, 114, 102, 34, 109, 133, 8, 113, 61, 16, 23, 42, 140, 101, 0], [0, 87, 108, 68, 77, 125, 56, 135, 32, 76, 64, 107, 112, 70, 67, 124, 21, 1, 85, 138, 0]]	1275.0	2814.6773402690887	36.440677966101696
[[0, 95, 100, 30, 17, 72, 54, 127, 97, 106, 133, 34, 102, 35, 10, 109, 140, 23, 19, 59, 111, 0], [0, 117, 87, 37, 108, 68, 125, 56, 43, 98, 55, 92, 135, 24, 123, 71, 13, 28, 101, 0], [0, 74, 129, 63, 22, 50, 118, 18, 4, 51, 103, 110, 113, 128, 8, 61, 120, 16, 0], [0, 139, 77, 136, 36, 83, 58, 48, 107, 112, 14, 76, 33, 1, 85, 124, 138, 41, 144, 0]]	1236.0	2766.7053759098053	38.384845463609174
[[0, 117, 87, 37, 68, 125, 77, 108, 32, 76, 6, 45, 33, 1, 21, 138, 85, 41, 0], [0, 53, 20, 17, 54, 72, 43, 48, 52, 112, 14, 64, 124, 107, 92, 2, 144, 59, 71, 111, 0], [0, 74, 129, 63, 22, 50, 34, 114, 97, 127, 106, 133, 104, 10, 23, 8, 113, 61, 16, 42, 19, 0], [0, 30, 100, 36, 83, 136, 135, 56, 24, 55, 131, 123, 109, 35, 140, 28, 101, 0]]	1227.0	2592.404935836792	38.83349950149551
[[0, 117, 87, 37, 125, 72, 54, 75, 17, 98, 131, 99, 123, 144, 111, 71, 59, 0], [0, 63, 122, 53, 129, 114, 44, 115, 127, 97, 106, 133, 34, 8, 113, 61, 23, 109, 28, 140, 19, 0], [0, 136, 100, 36, 83, 30, 48, 58, 112, 14, 76, 64, 33, 1, 85, 21, 2, 41, 0], [0, 74, 5, 77, 139, 108, 68, 32, 56, 135, 24, 55, 92, 107, 124, 60, 67, 70, 138, 0]]	1254.0	2443.124540567398	37.48753738783649
