paths	score	execution_time	gap
[[0, 191, 164, 166, 27, 72, 211, 176, 25, 85, 35, 21, 156, 76, 118, 16, 127, 87, 53, 54, 213, 10, 0], [0, 29, 180, 192, 90, 206, 204, 113, 138, 179, 51, 89, 173, 175, 9, 19, 73, 5, 170, 128, 0], [0, 158, 135, 104, 80, 205, 43, 120, 105, 64, 23, 169, 126, 146, 157, 184, 37, 98, 210, 100, 38, 144, 83, 140, 68, 199, 0]]	1057.0	3868.3214507102966	61.36695906432749
[[0, 191, 29, 180, 164, 125, 206, 204, 113, 138, 81, 167, 123, 153, 9, 173, 175, 51, 212, 116, 181, 74, 170, 0], [0, 171, 135, 80, 137, 11, 120, 105, 23, 64, 146, 184, 126, 177, 202, 152, 94, 199, 68, 140, 13, 58, 0], [0, 107, 208, 201, 75, 97, 96, 8, 49, 160, 195, 102, 5, 207, 108, 154, 127, 16, 73, 156, 76, 21, 31, 118, 128, 0]]	1097.0	3971.3083956241608	59.90497076023392
[[0, 191, 135, 137, 171, 11, 115, 80, 45, 63, 198, 163, 126, 146, 184, 37, 98, 210, 62, 10, 213, 112, 106, 199, 0], [0, 158, 29, 164, 113, 204, 131, 122, 215, 201, 75, 183, 173, 89, 51, 145, 175, 24, 58, 110, 0], [0, 27, 109, 148, 97, 165, 96, 8, 160, 49, 195, 57, 102, 5, 207, 108, 127, 16, 118, 76, 21, 156, 73, 170, 128, 0]]	1064.0	3915.368518590927	61.111111111111114
[[0, 158, 135, 80, 171, 137, 43, 120, 105, 59, 64, 23, 117, 78, 214, 39, 150, 110, 172, 86, 190, 140, 68, 199, 0], [0, 191, 180, 29, 164, 125, 138, 113, 65, 206, 204, 89, 173, 87, 176, 53, 154, 187, 5, 170, 116, 175, 58, 0], [0, 215, 208, 97, 201, 75, 96, 8, 50, 165, 200, 51, 74, 207, 73, 108, 127, 16, 156, 76, 21, 31, 118, 128, 0]]	1102.0	4189.948142051697	59.72222222222222
[[0, 27, 192, 191, 164, 215, 109, 148, 8, 160, 195, 102, 156, 76, 118, 127, 108, 5, 170, 51, 181, 116, 212, 175, 58, 0], [0, 43, 180, 29, 166, 203, 90, 178, 146, 126, 184, 37, 98, 210, 54, 53, 154, 73, 16, 21, 31, 74, 128, 0], [0, 208, 97, 96, 71, 136, 89, 138, 123, 67, 23, 64, 39, 78, 214, 149, 140, 68, 199, 0]]	1041.0	3846.2602841854095	61.95175438596491
