paths	score	execution_time	gap
[[0, 171, 135, 80, 104, 59, 180, 64, 105, 23, 120, 126, 146, 198, 163, 94, 83, 184, 144, 98, 133, 68, 140, 13, 199, 0], [0, 215, 97, 201, 109, 148, 96, 8, 208, 49, 160, 195, 51, 207, 108, 73, 5, 170, 127, 16, 156, 76, 21, 31, 118, 128, 0]]	805.0	2188.322966814041	70.57748538011695
[[0, 158, 43, 135, 80, 104, 59, 64, 23, 105, 126, 157, 184, 37, 98, 210, 193, 54, 53, 87, 154, 118, 128, 0], [0, 27, 166, 191, 192, 138, 206, 176, 204, 113, 89, 173, 207, 5, 156, 16, 73, 108, 127, 9, 19, 175, 58, 0]]	749.0	2113.843082666397	72.62426900584795
[[0, 97, 148, 109, 131, 215, 201, 96, 8, 208, 49, 160, 195, 21, 156, 16, 127, 108, 73, 5, 170, 51, 212, 116, 175, 58, 0], [0, 43, 205, 135, 137, 171, 115, 80, 157, 126, 198, 37, 184, 146, 163, 94, 152, 202, 4, 68, 150, 140, 38, 199, 0]]	799.0	2037.9962553977966	70.796783625731
[[0, 215, 97, 109, 148, 208, 49, 8, 96, 165, 173, 89, 51, 5, 207, 73, 108, 16, 127, 87, 53, 19, 170, 0], [0, 158, 192, 191, 29, 180, 59, 64, 105, 23, 120, 126, 157, 184, 146, 83, 37, 98, 210, 100, 140, 150, 110, 47, 58, 0]]	796.0	2045.0459775924683	70.90643274853801
[[0, 107, 208, 148, 109, 131, 75, 97, 96, 8, 102, 76, 21, 156, 118, 73, 16, 108, 127, 87, 154, 53, 19, 175, 0], [0, 158, 43, 137, 171, 80, 115, 135, 120, 23, 105, 126, 198, 184, 157, 83, 146, 94, 140, 150, 39, 172, 86, 110, 47, 58, 0]]	775.0	2210.4811000823975	71.67397660818715
