paths	score	execution_time	gap
[[0, 206, 246, 108, 263, 64, 50, 229, 138, 65, 9, 260, 10, 160, 98, 244, 179, 100, 288, 94, 205, 119, 69, 161, 51, 14, 54, 0]]	494.0	1802.8298485279083	87.16883116883118
[[0, 206, 246, 263, 108, 180, 109, 185, 181, 34, 42, 20, 205, 232, 2, 258, 158, 72, 155, 242, 71, 101, 208, 21, 29, 161, 51, 14, 54, 0]]	538.0	1805.4364018440247	86.02597402597402
[[0, 206, 246, 263, 108, 143, 261, 166, 32, 124, 219, 25, 114, 97, 267, 181, 232, 42, 205, 249, 126, 100, 179, 244, 122, 54, 62, 161, 83, 14, 51, 0]]	545.0	2039.3437731266022	85.84415584415585
[[0, 206, 246, 108, 263, 75, 103, 65, 138, 281, 9, 260, 207, 173, 160, 179, 277, 17, 233, 100, 244, 54, 14, 62, 83, 51, 161, 69, 152, 0]]	521.0	1956.370239019394	86.46753246753246
[[0, 206, 246, 108, 263, 65, 103, 138, 281, 75, 9, 260, 10, 160, 98, 244, 179, 100, 249, 35, 49, 205, 119, 126, 86, 51, 161, 69, 152, 0]]	523.0	1954.2201833724976	86.41558441558442
