paths	score	execution_time	gap
[[0, 48, 14, 29, 20, 33, 13, 8, 1, 28, 16, 17, 0], [0, 47, 24, 38, 2, 30, 21, 40, 25, 26, 18, 23, 44, 31, 4, 0], [0, 9, 12, 15, 37, 41, 36, 27, 3, 6, 46, 0], [0, 5, 10, 11, 45, 32, 39, 43, 42, 34, 35, 7, 22, 0]]	654.0	1468.3430535793304	0.45662100456621
[[0, 10, 27, 45, 11, 32, 41, 44, 3, 46, 0], [0, 48, 37, 2, 21, 42, 43, 39, 35, 34, 22, 7, 0], [0, 15, 14, 5, 29, 20, 33, 1, 28, 16, 36, 23, 31, 0], [0, 9, 12, 47, 24, 30, 38, 40, 25, 26, 18, 17, 13, 8, 4, 0]]	649.0	1263.6492199897766	1.21765601217656
[[0, 15, 40, 42, 6, 3, 46, 0], [0, 9, 24, 47, 12, 38, 30, 2, 36, 32, 21, 43, 39, 44, 34, 22, 0], [0, 10, 48, 27, 45, 11, 41, 23, 25, 18, 26, 16, 4, 0], [0, 37, 14, 5, 29, 20, 33, 13, 8, 1, 28, 31, 35, 7, 0]]	649.0	1804.3161482810974	1.21765601217656
[[0, 14, 10, 48, 32, 11, 45, 27, 6, 3, 46, 0], [0, 9, 15, 47, 24, 2, 37, 41, 36, 23, 25, 17, 18, 26, 16, 4, 0], [0, 5, 29, 33, 13, 8, 20, 1, 28, 31, 44, 0], [0, 30, 12, 38, 40, 21, 39, 43, 42, 35, 34, 22, 7, 0]]	654.0	1810.5557556152344	0.45662100456621
[[0, 47, 24, 12, 40, 21, 42, 39, 43, 46, 0], [0, 14, 5, 29, 20, 33, 13, 1, 28, 26, 31, 44, 4, 0], [0, 48, 10, 9, 41, 36, 25, 23, 18, 17, 16, 8, 0], [0, 15, 38, 30, 2, 32, 37, 11, 45, 27, 6, 3, 22, 34, 35, 7, 0]]	654.0	1802.3378040790558	0.45662100456621
