paths	score	execution_time	gap
[[0, 9, 24, 47, 12, 38, 30, 2, 32, 37, 10, 11, 45, 41, 36, 16, 31, 44, 35, 34, 22, 7, 0]]	298.0	876.0083808898926	54.64231354642314
[[0, 9, 24, 47, 12, 38, 30, 2, 32, 37, 10, 11, 45, 41, 28, 1, 16, 31, 35, 34, 22, 7, 0]]	306.0	925.5391912460327	53.42465753424658
[[0, 9, 24, 12, 47, 38, 30, 2, 32, 37, 10, 45, 11, 42, 43, 39, 44, 35, 34, 22, 7, 0]]	304.0	741.6800141334534	53.72907153729072
[[0, 9, 24, 47, 12, 38, 30, 2, 32, 37, 10, 11, 45, 28, 1, 16, 36, 31, 35, 34, 22, 7, 0]]	308.0	773.6920170783997	53.12024353120244
[[0, 9, 24, 47, 12, 38, 30, 2, 32, 37, 10, 11, 45, 28, 1, 16, 36, 31, 35, 34, 22, 7, 0]]	308.0	605.5235297679901	53.12024353120244
