paths	score	execution_time	gap
[[0, 48, 10, 37, 2, 32, 11, 45, 27, 6, 3, 34, 35, 44, 31, 22, 7, 0], [0, 9, 24, 47, 15, 5, 29, 20, 1, 28, 16, 26, 23, 25, 18, 8, 4, 0], [0, 14, 30, 12, 38, 40, 21, 42, 39, 43, 46, 0]]	603.0	1280.4512777328491	8.21917808219178
[[0, 15, 12, 30, 47, 24, 38, 21, 40, 25, 23, 18, 26, 16, 8, 4, 0], [0, 9, 48, 10, 5, 29, 20, 33, 1, 28, 41, 31, 44, 34, 46, 0], [0, 14, 37, 2, 32, 45, 11, 42, 43, 39, 35, 22, 7, 0]]	593.0	1800.445242881775	9.74124809741248
[[0, 12, 24, 47, 38, 2, 30, 21, 42, 43, 39, 44, 35, 34, 22, 7, 0], [0, 15, 5, 14, 29, 20, 33, 1, 28, 36, 31, 46, 0], [0, 48, 9, 37, 32, 45, 11, 10, 41, 23, 25, 18, 26, 16, 8, 4, 0]]	588.0	1283.3467032909393	10.50228310502283
[[0, 14, 30, 5, 29, 20, 1, 28, 16, 26, 23, 25, 18, 8, 4, 0], [0, 48, 2, 32, 37, 10, 11, 45, 27, 6, 3, 34, 46, 0], [0, 9, 15, 24, 47, 12, 38, 40, 21, 42, 43, 31, 44, 35, 22, 7, 0]]	590.0	1564.4437766075134	10.197869101978691
[[0, 15, 47, 24, 5, 29, 20, 33, 13, 8, 1, 28, 16, 31, 4, 0], [0, 9, 48, 10, 37, 32, 2, 30, 21, 25, 18, 26, 23, 44, 35, 34, 22, 7, 0], [0, 14, 38, 12, 45, 27, 11, 42, 43, 46, 0]]	582.0	1809.3377168178558	11.415525114155251
