paths	score	execution_time	gap
[[0, 72, 60, 62, 17, 95, 29, 58, 52, 61, 45, 31, 82, 91, 46, 21, 11, 54, 25, 70, 0], [0, 18, 22, 32, 57, 79, 41, 86, 38, 92, 93, 55, 19, 44, 69, 9, 81, 77, 0], [0, 6, 80, 24, 67, 71, 85, 15, 35, 26, 65, 88, 10, 51, 2, 78, 33, 87, 0]]	854.0	1818.827786207199	30.0
[[0, 73, 62, 17, 58, 41, 86, 38, 93, 92, 55, 44, 37, 16, 74, 19, 25, 70, 0], [0, 6, 80, 24, 67, 32, 42, 85, 95, 29, 47, 65, 9, 69, 78, 88, 33, 87, 77, 0], [0, 60, 72, 57, 22, 15, 28, 35, 31, 61, 52, 26, 91, 46, 21, 11, 54, 81, 20, 0]]	841.0	1817.3300306797028	31.065573770491806
[[0, 22, 32, 72, 95, 57, 29, 58, 41, 61, 52, 45, 26, 31, 4, 21, 11, 54, 25, 77, 0], [0, 6, 80, 24, 14, 67, 42, 85, 15, 30, 91, 35, 93, 19, 37, 9, 16, 20, 81, 0], [0, 60, 73, 62, 17, 92, 64, 44, 65, 47, 88, 10, 2, 78, 33, 69, 87, 0]]	884.0	1808.52343416214	27.54098360655738
[[0, 6, 80, 24, 67, 22, 32, 65, 95, 29, 57, 52, 61, 45, 26, 91, 46, 1, 21, 11, 54, 70, 81, 0], [0, 72, 58, 79, 30, 15, 85, 56, 96, 10, 88, 78, 47, 33, 19, 16, 20, 0], [0, 60, 73, 62, 41, 86, 17, 64, 38, 92, 93, 44, 37, 69, 9, 87, 25, 77, 0]]	867.0	1815.3888323307037	28.934426229508198
[[0, 6, 80, 24, 18, 67, 22, 42, 32, 65, 10, 85, 47, 25, 81, 19, 16, 69, 87, 0], [0, 73, 62, 58, 41, 95, 29, 57, 26, 35, 31, 61, 52, 11, 21, 91, 46, 1, 54, 70, 77, 0], [0, 94, 72, 60, 17, 64, 92, 38, 93, 55, 44, 37, 9, 33, 88, 78, 5, 0]]	852.0	1812.8678698539734	30.16393442622951
