paths	score	execution_time	gap
[[0, 22, 32, 60, 72, 95, 29, 58, 41, 86, 93, 55, 44, 9, 69, 16, 20, 19, 74, 81, 0], [0, 6, 80, 24, 18, 67, 14, 71, 15, 57, 91, 26, 45, 61, 52, 4, 31, 21, 11, 54, 25, 87, 0]]	669.0	1808.2231163978577	45.16393442622951
[[0, 60, 72, 94, 32, 95, 57, 29, 41, 61, 31, 35, 45, 52, 11, 21, 54, 25, 81, 19, 74, 20, 0], [0, 6, 80, 24, 14, 67, 22, 85, 15, 30, 91, 26, 65, 44, 69, 9, 78, 88, 33, 87, 0]]	671.0	1803.466454744339	45.0
[[0, 60, 22, 32, 72, 95, 57, 29, 28, 45, 61, 65, 47, 1, 88, 78, 33, 9, 69, 87, 0], [0, 6, 80, 24, 14, 67, 42, 85, 15, 35, 31, 26, 91, 21, 52, 54, 25, 81, 19, 16, 20, 0]]	657.0	1808.7920458316803	46.147540983606554
[[0, 60, 72, 73, 62, 17, 64, 92, 38, 93, 44, 9, 69, 16, 78, 88, 33, 87, 0], [0, 6, 80, 24, 18, 67, 22, 32, 65, 95, 29, 58, 61, 26, 21, 91, 11, 52, 54, 25, 81, 19, 74, 20, 0]]	669.0	1804.150378704071	45.16393442622951
[[0, 60, 22, 32, 72, 58, 41, 61, 31, 35, 26, 91, 21, 52, 11, 54, 59, 70, 81, 25, 87, 0], [0, 6, 80, 24, 67, 95, 57, 15, 85, 47, 65, 88, 33, 9, 69, 37, 19, 16, 20, 0]]	658.0	1805.730928182602	46.0655737704918
