paths	score	execution_time	gap
[[0, 64, 39, 62, 17, 13, 110, 31, 44, 124, 2, 48, 94, 144, 142, 0], [0, 76, 116, 49, 56, 117, 24, 70, 79, 74, 52, 121, 127, 14, 73, 45, 109, 3, 0], [0, 7, 65, 29, 53, 84, 81, 90, 82, 59, 93, 128, 22, 78, 12, 112, 10, 0], [0, 118, 130, 122, 104, 5, 87, 139, 26, 80, 129, 91, 107, 35, 63, 43, 18, 123, 33, 25, 4, 0]]	1098.0	1837.7778494358063	38.59060402684564
[[0, 65, 126, 29, 53, 7, 82, 90, 59, 93, 33, 128, 123, 18, 22, 63, 43, 25, 4, 0], [0, 64, 130, 118, 28, 5, 104, 35, 91, 129, 80, 40, 52, 121, 127, 14, 10, 112, 12, 0], [0, 122, 38, 99, 138, 81, 102, 2, 97, 134, 96, 32, 94, 48, 124, 60, 142, 77, 0], [0, 15, 39, 87, 17, 62, 26, 139, 110, 13, 132, 71, 11, 107, 109, 45, 78, 73, 3, 0]]	1082.0	1806.956181526184	39.48545861297539
[[0, 51, 37, 50, 87, 35, 41, 96, 66, 16, 18, 123, 128, 22, 93, 33, 25, 4, 0], [0, 54, 65, 86, 104, 5, 58, 68, 75, 117, 135, 70, 24, 45, 109, 107, 63, 43, 0], [0, 130, 64, 7, 53, 82, 29, 138, 81, 23, 32, 134, 97, 2, 124, 44, 94, 48, 142, 77, 0], [0, 118, 28, 39, 139, 17, 62, 26, 110, 52, 88, 73, 91, 3, 14, 127, 121, 10, 112, 12, 0]]	1085.0	1859.8376171588898	39.317673378076066
[[0, 130, 122, 28, 39, 17, 139, 88, 52, 80, 26, 31, 44, 2, 124, 60, 47, 77, 0], [0, 76, 7, 53, 29, 82, 65, 16, 59, 90, 66, 96, 144, 94, 48, 142, 0], [0, 64, 99, 38, 102, 81, 32, 23, 35, 107, 91, 3, 121, 127, 14, 73, 10, 112, 12, 0], [0, 118, 15, 5, 104, 68, 6, 117, 8, 56, 79, 70, 24, 128, 123, 22, 18, 93, 33, 25, 4, 0]]	1092.0	1841.8493814468384	38.92617449664429
[[0, 39, 28, 15, 86, 29, 53, 82, 59, 90, 96, 134, 94, 2, 124, 44, 144, 48, 142, 0], [0, 64, 122, 106, 104, 5, 87, 35, 107, 22, 18, 123, 128, 93, 33, 25, 4, 0], [0, 130, 118, 139, 62, 17, 26, 133, 129, 91, 80, 52, 88, 127, 14, 73, 10, 78, 12, 112, 3, 0], [0, 7, 38, 99, 23, 102, 32, 138, 81, 66, 63, 143, 27, 119, 0]]	1094.0	1827.5125455856323	38.81431767337807
