paths	score	execution_time	gap
[[0, 118, 130, 122, 28, 5, 87, 17, 139, 26, 80, 91, 107, 35, 143, 63, 43, 22, 18, 123, 33, 25, 4, 0]]	390.0	1803.3498840332031	78.18791946308725
[[0, 118, 130, 122, 28, 5, 87, 17, 26, 139, 80, 129, 91, 35, 41, 81, 96, 18, 22, 123, 33, 25, 4, 0]]	378.0	1255.860493183136	78.85906040268456
[[0, 64, 130, 122, 28, 5, 87, 17, 139, 26, 80, 129, 91, 107, 35, 63, 43, 22, 18, 123, 33, 25, 4, 0]]	394.0	1244.773924589157	77.96420581655481
[[0, 118, 130, 122, 28, 5, 87, 17, 139, 26, 80, 129, 91, 107, 41, 63, 16, 43, 22, 18, 123, 33, 25, 4, 0]]	383.0	1342.0653619766235	78.57941834451901
[[0, 118, 130, 28, 5, 104, 23, 81, 138, 53, 29, 82, 59, 33, 128, 123, 18, 22, 43, 63, 25, 4, 0]]	387.0	1169.9755194187164	78.35570469798657
