paths	score	execution_time	gap
[[0, 130, 118, 39, 17, 139, 26, 87, 129, 133, 80, 91, 35, 78, 12, 112, 19, 4, 25, 0], [0, 64, 7, 122, 99, 102, 81, 32, 23, 31, 44, 124, 2, 134, 48, 94, 142, 77, 0], [0, 54, 5, 28, 104, 86, 29, 53, 82, 128, 123, 16, 22, 18, 43, 63, 107, 109, 45, 73, 14, 10, 3, 0]]	913.0	1803.897426366806	48.93736017897092
[[0, 64, 99, 130, 122, 138, 5, 104, 66, 128, 123, 22, 18, 16, 43, 63, 109, 73, 14, 10, 3, 0], [0, 54, 65, 126, 120, 29, 82, 53, 81, 23, 32, 2, 124, 44, 144, 94, 48, 142, 77, 0], [0, 118, 28, 39, 87, 17, 62, 26, 139, 52, 88, 80, 129, 91, 35, 107, 45, 78, 4, 25, 0]]	913.0	1850.8409838676453	48.93736017897092
[[0, 118, 15, 28, 5, 104, 84, 23, 81, 138, 41, 35, 71, 26, 78, 144, 142, 0], [0, 51, 39, 139, 17, 87, 133, 52, 88, 80, 129, 91, 107, 45, 14, 10, 112, 19, 4, 25, 0], [0, 130, 122, 64, 7, 53, 82, 29, 59, 90, 93, 33, 128, 123, 18, 43, 94, 48, 77, 0]]	898.0	1844.2947316169739	49.77628635346756
[[0, 130, 122, 64, 7, 53, 29, 82, 59, 66, 96, 81, 97, 94, 124, 44, 113, 142, 48, 77, 0], [0, 54, 65, 126, 68, 6, 37, 56, 117, 24, 70, 79, 107, 91, 14, 45, 78, 12, 112, 10, 3, 0], [0, 39, 62, 28, 5, 87, 17, 139, 26, 129, 133, 80, 35, 41, 63, 16, 43, 22, 18, 123, 33, 25, 4, 0]]	913.0	1814.3912408351898	48.93736017897092
[[0, 54, 126, 6, 51, 37, 105, 115, 56, 117, 79, 70, 24, 78, 19, 12, 112, 10, 73, 14, 121, 3, 0], [0, 64, 130, 99, 122, 84, 104, 128, 29, 82, 53, 96, 81, 32, 2, 124, 44, 94, 48, 142, 77, 0], [0, 118, 15, 28, 5, 87, 17, 139, 26, 129, 133, 80, 91, 107, 35, 63, 43, 22, 18, 123, 33, 25, 4, 0]]	949.0	1813.9100823402405	46.92393736017897
