paths	score	execution_time	gap
[[0, 31, 115, 113, 27, 180, 153, 90, 63, 124, 175, 8, 44, 185, 17, 37, 100, 61, 67, 121, 155, 128, 139, 0], [0, 49, 28, 171, 91, 10, 98, 148, 12, 89, 165, 56, 42, 189, 9, 177, 117, 95, 60, 5, 65, 152, 0], [0, 108, 25, 79, 107, 178, 3, 137, 38, 135, 190, 66, 106, 77, 22, 36, 168, 101, 144, 33, 154, 68, 186, 0]]	1123.0	1845.5114443302155	54.66289866774324
[[0, 171, 49, 63, 41, 28, 153, 71, 50, 180, 90, 84, 136, 189, 56, 61, 42, 9, 177, 121, 161, 154, 186, 93, 139, 128, 0], [0, 31, 23, 51, 8, 175, 37, 185, 44, 124, 22, 77, 62, 36, 168, 33, 101, 144, 26, 191, 184, 92, 0], [0, 110, 25, 108, 79, 178, 137, 3, 38, 135, 91, 34, 16, 190, 106, 66, 13, 155, 60, 95, 117, 65, 104, 67, 152, 0]]	1208.0	1846.246547460556	51.23132821962051
[[0, 110, 25, 108, 57, 150, 81, 80, 131, 174, 74, 137, 125, 133, 58, 123, 188, 72, 95, 5, 117, 65, 0], [0, 71, 28, 49, 63, 153, 41, 51, 44, 185, 8, 124, 90, 136, 189, 177, 9, 42, 61, 67, 121, 104, 152, 186, 128, 0], [0, 31, 115, 69, 10, 98, 113, 91, 3, 38, 135, 190, 16, 77, 22, 106, 66, 14, 138, 154, 155, 60, 142, 0]]	1129.0	1872.9368288516998	54.42067016552281
[[0, 31, 182, 115, 113, 91, 180, 90, 124, 8, 44, 151, 185, 17, 37, 100, 26, 144, 101, 33, 168, 93, 139, 0], [0, 110, 108, 79, 157, 97, 109, 130, 16, 77, 22, 148, 161, 177, 9, 42, 121, 67, 104, 68, 154, 92, 0], [0, 25, 107, 178, 3, 137, 38, 12, 89, 80, 174, 155, 176, 95, 60, 5, 117, 65, 152, 186, 128, 0]]	1104.0	1826.8140232563019	55.42995559144126
[[0, 31, 23, 51, 28, 153, 90, 63, 124, 41, 175, 8, 44, 37, 17, 185, 151, 101, 120, 87, 26, 191, 67, 152, 0], [0, 167, 47, 39, 130, 10, 91, 113, 148, 12, 9, 177, 56, 42, 61, 189, 121, 15, 161, 154, 93, 139, 0], [0, 110, 25, 108, 79, 178, 3, 137, 38, 16, 98, 77, 22, 66, 106, 188, 123, 125, 133, 58, 128, 186, 168, 92, 0]]	1126.0	1858.968680858612	54.54178441663302
