paths	score	execution_time	gap
[[0, 171, 91, 10, 113, 115, 90, 153, 63, 41, 8, 185, 44, 124, 136, 61, 42, 9, 177, 121, 67, 104, 65, 117, 5, 152, 0], [0, 110, 25, 108, 79, 178, 137, 3, 38, 190, 77, 98, 22, 62, 16, 36, 168, 33, 101, 144, 93, 139, 186, 0]]	852.0	1808.1933584213257	65.60355268469922
[[0, 71, 63, 41, 153, 180, 115, 98, 10, 16, 135, 190, 66, 106, 62, 22, 36, 168, 101, 33, 154, 152, 186, 128, 0], [0, 110, 25, 178, 3, 38, 91, 113, 27, 148, 12, 89, 9, 56, 61, 42, 177, 104, 161, 121, 67, 15, 144, 92, 0]]	799.0	1812.7990341186523	67.74323778764635
[[0, 23, 31, 98, 10, 113, 91, 135, 190, 16, 77, 62, 66, 106, 22, 36, 168, 101, 33, 93, 128, 186, 0], [0, 171, 49, 63, 28, 153, 180, 90, 124, 8, 41, 189, 56, 42, 177, 9, 176, 155, 60, 95, 117, 65, 104, 67, 152, 0]]	800.0	1801.8887205123901	67.7028663706096
[[0, 91, 115, 180, 153, 28, 63, 44, 8, 124, 90, 189, 56, 42, 177, 121, 9, 5, 117, 65, 104, 67, 152, 0], [0, 31, 23, 51, 98, 10, 113, 77, 16, 190, 106, 66, 123, 188, 155, 95, 60, 142, 128, 186, 0]]	791.0	1827.0828890800476	68.06620912394024
[[0, 110, 25, 108, 79, 178, 137, 3, 38, 135, 91, 77, 22, 98, 62, 16, 190, 106, 66, 58, 133, 128, 59, 19, 139, 186, 0], [0, 31, 115, 153, 28, 49, 63, 90, 124, 44, 185, 37, 8, 54, 61, 189, 177, 9, 121, 67, 104, 65, 117, 5, 152, 0]]	850.0	1828.9279873371124	65.6842955187727
