paths	score	execution_time	gap
[[0, 110, 107, 47, 16, 77, 113, 148, 62, 22, 36, 168, 33, 101, 17, 26, 184, 87, 119, 92, 144, 0], [0, 49, 171, 115, 69, 98, 10, 91, 3, 137, 38, 190, 135, 66, 188, 123, 72, 142, 60, 95, 155, 68, 0], [0, 31, 23, 51, 94, 8, 44, 185, 37, 100, 102, 54, 61, 42, 9, 176, 5, 117, 65, 152, 186, 0], [0, 71, 28, 114, 103, 175, 124, 153, 90, 41, 136, 56, 189, 18, 177, 104, 121, 67, 161, 154, 93, 139, 128, 0]]	1343.0	1851.9892196655273	45.78118691966088
[[0, 110, 25, 79, 3, 157, 137, 38, 16, 135, 190, 188, 123, 125, 133, 58, 138, 121, 154, 139, 128, 0], [0, 108, 107, 130, 10, 115, 90, 50, 189, 56, 61, 42, 9, 177, 161, 15, 67, 191, 144, 92, 0], [0, 147, 31, 51, 124, 41, 175, 37, 44, 185, 8, 112, 151, 168, 33, 18, 26, 104, 68, 0], [0, 171, 49, 63, 153, 180, 12, 91, 113, 98, 36, 22, 77, 62, 106, 66, 72, 155, 60, 95, 5, 117, 152, 186, 0]]	1372.0	1832.001532793045	44.61041582559548
[[0, 85, 162, 39, 130, 34, 148, 12, 9, 177, 56, 42, 189, 18, 33, 101, 140, 168, 93, 139, 186, 0], [0, 110, 108, 25, 79, 178, 137, 3, 38, 135, 77, 36, 62, 22, 106, 66, 138, 154, 161, 67, 121, 104, 152, 128, 0], [0, 71, 63, 49, 28, 94, 84, 153, 90, 124, 41, 175, 8, 44, 37, 185, 17, 146, 100, 169, 61, 191, 26, 184, 87, 92, 144, 0], [0, 31, 182, 171, 115, 69, 98, 10, 27, 113, 91, 190, 16, 133, 125, 123, 188, 72, 155, 60, 95, 5, 117, 65, 0]]	1452.0	1867.8492684364319	41.38070246265644
[[0, 23, 182, 115, 90, 153, 63, 124, 41, 8, 100, 37, 44, 17, 185, 151, 140, 101, 143, 144, 33, 168, 93, 139, 128, 0], [0, 110, 25, 178, 107, 97, 130, 148, 9, 56, 42, 61, 54, 189, 177, 65, 152, 154, 92, 0], [0, 108, 79, 3, 157, 38, 91, 10, 113, 77, 98, 36, 22, 106, 66, 138, 161, 121, 15, 26, 186, 0], [0, 171, 187, 162, 47, 39, 16, 190, 135, 137, 123, 188, 72, 155, 176, 60, 95, 117, 104, 67, 68, 0]]	1344.0	1824.3489589691162	45.740815502624145
[[0, 31, 4, 23, 51, 88, 164, 175, 37, 151, 22, 36, 168, 33, 101, 144, 26, 184, 87, 119, 92, 0], [0, 28, 49, 71, 180, 153, 90, 63, 124, 41, 44, 185, 8, 136, 189, 61, 42, 9, 177, 121, 67, 161, 154, 104, 68, 0], [0, 110, 25, 178, 3, 38, 12, 148, 91, 113, 135, 190, 106, 66, 138, 14, 155, 176, 95, 60, 5, 117, 65, 152, 0], [0, 167, 85, 162, 47, 39, 109, 130, 16, 34, 188, 123, 58, 133, 72, 142, 128, 59, 139, 186, 0]]	1396.0	1805.8132088184357	43.64150181671377
