paths	score	execution_time	gap
[[0, 80, 81, 153, 204, 119, 88, 176, 216, 47, 147, 27, 127, 26, 179, 237, 43, 123, 238, 18, 165, 79, 212, 121, 64, 198, 136, 182, 85, 30, 32, 9, 0]]	557.0	1808.9459624290466	83.37809609071918
[[0, 81, 153, 77, 62, 137, 204, 2, 147, 47, 27, 26, 179, 43, 237, 34, 123, 238, 36, 18, 165, 79, 212, 85, 182, 136, 198, 64, 225, 121, 32, 9, 0]]	538.0	1825.0104446411133	83.94509101760669
[[0, 80, 135, 83, 29, 81, 88, 164, 71, 119, 26, 179, 43, 34, 123, 237, 238, 18, 165, 105, 79, 212, 85, 182, 198, 64, 136, 32, 9, 225, 0]]	530.0	1815.914975643158	84.18382572366457
[[0, 77, 137, 202, 62, 141, 153, 221, 204, 2, 147, 47, 216, 27, 26, 179, 237, 43, 123, 238, 18, 165, 79, 212, 85, 182, 198, 136, 13, 112, 9, 32, 225, 0]]	552.0	1809.7669923305511	83.52730528200537
[[0, 80, 81, 141, 153, 50, 88, 176, 164, 71, 119, 26, 27, 127, 179, 237, 43, 123, 238, 18, 36, 165, 79, 212, 30, 85, 182, 198, 64, 136, 32, 9, 225, 0]]	533.0	1822.953750371933	84.09430020889288
