paths	score	execution_time	gap
[[0, 204, 153, 119, 176, 88, 50, 71, 47, 147, 2, 27, 26, 179, 34, 123, 43, 237, 238, 18, 105, 142, 187, 20, 197, 28, 181, 9, 32, 131, 0], [0, 80, 81, 213, 137, 77, 162, 100, 29, 235, 193, 102, 188, 212, 198, 182, 85, 79, 165, 36, 67, 173, 143, 144, 92, 178, 0], [0, 135, 83, 24, 156, 145, 3, 175, 62, 118, 170, 101, 35, 230, 37, 5, 166, 136, 64, 30, 121, 225, 201, 0]]	1289.0	1854.3204972743988	61.53387048642196
[[0, 24, 53, 120, 156, 205, 3, 145, 230, 11, 91, 193, 203, 20, 217, 35, 37, 28, 112, 103, 236, 191, 0], [0, 80, 81, 153, 137, 77, 62, 162, 213, 29, 102, 188, 165, 18, 238, 237, 43, 123, 85, 79, 212, 64, 198, 136, 182, 30, 121, 32, 9, 0], [0, 204, 119, 159, 88, 71, 176, 216, 47, 147, 2, 27, 26, 179, 34, 105, 187, 235, 197, 142, 15, 129, 133, 214, 148, 225, 0]]	1313.0	1895.8593108654022	60.81766636824828
[[0, 204, 153, 213, 80, 135, 81, 231, 115, 125, 210, 67, 238, 18, 165, 105, 212, 187, 235, 230, 181, 28, 197, 129, 15, 133, 214, 131, 0], [0, 134, 229, 176, 88, 50, 71, 119, 102, 29, 193, 11, 91, 157, 158, 142, 203, 217, 79, 85, 72, 143, 144, 92, 178, 0], [0, 24, 156, 145, 118, 62, 77, 137, 208, 147, 47, 216, 40, 27, 26, 179, 237, 43, 136, 198, 64, 166, 121, 225, 30, 182, 49, 97, 201, 0]]	1269.0	1828.826177597046	62.1307072515667
[[0, 156, 120, 53, 24, 74, 205, 3, 212, 198, 13, 107, 112, 66, 166, 121, 72, 144, 218, 178, 0], [0, 80, 81, 162, 106, 62, 77, 137, 208, 240, 179, 26, 237, 43, 34, 123, 238, 18, 165, 36, 67, 173, 129, 15, 133, 214, 9, 32, 0], [0, 204, 153, 119, 88, 115, 231, 183, 102, 29, 235, 11, 193, 157, 142, 203, 187, 188, 105, 79, 85, 182, 143, 148, 227, 197, 131, 0]]	1267.0	1882.311892747879	62.19039092808117
[[0, 24, 53, 120, 156, 205, 3, 145, 118, 62, 212, 100, 235, 203, 11, 193, 142, 158, 129, 173, 67, 144, 72, 182, 30, 225, 201, 0], [0, 80, 135, 83, 29, 115, 231, 59, 81, 102, 183, 188, 125, 165, 18, 238, 36, 132, 79, 105, 148, 214, 197, 28, 181, 9, 32, 0], [0, 204, 137, 77, 202, 153, 119, 71, 50, 176, 216, 47, 147, 2, 27, 127, 26, 179, 34, 237, 43, 123, 85, 64, 136, 171, 236, 42, 191, 103, 0]]	1323.0	1819.3400719165802	60.51924798567592
