paths	score	execution_time	gap
[[0, 80, 135, 81, 231, 119, 71, 176, 27, 2, 147, 47, 216, 26, 179, 237, 43, 123, 18, 36, 238, 72, 144, 67, 173, 129, 15, 197, 225, 0], [0, 204, 137, 77, 62, 202, 153, 141, 115, 193, 29, 235, 102, 183, 105, 165, 85, 182, 136, 198, 212, 166, 30, 79, 121, 32, 9, 0]]	941.0	1818.2179064750671	71.91883019994032
[[0, 204, 153, 135, 80, 29, 81, 115, 119, 26, 27, 179, 237, 43, 123, 238, 18, 85, 182, 198, 212, 121, 37, 66, 181, 28, 9, 32, 225, 0], [0, 24, 156, 145, 118, 62, 77, 202, 162, 183, 102, 193, 11, 91, 157, 158, 142, 203, 235, 187, 148, 165, 79, 214, 129, 15, 133, 197, 131, 0]]	928.0	1804.7962934970856	72.30677409728439
[[0, 156, 24, 135, 80, 29, 81, 115, 231, 102, 235, 161, 11, 193, 157, 142, 203, 158, 129, 173, 67, 144, 143, 72, 201, 225, 0], [0, 174, 137, 77, 62, 202, 153, 221, 204, 147, 2, 47, 27, 216, 40, 127, 26, 179, 237, 43, 123, 238, 18, 36, 165, 212, 64, 198, 136, 182, 85, 79, 121, 32, 9, 0]]	1014.0	1878.384844303131	69.74037600716204
[[0, 80, 135, 202, 62, 77, 162, 213, 81, 102, 29, 235, 193, 11, 91, 157, 158, 142, 203, 217, 188, 198, 182, 85, 72, 144, 92, 178, 0], [0, 176, 119, 153, 221, 204, 2, 47, 147, 27, 216, 40, 26, 179, 237, 43, 123, 238, 18, 36, 165, 79, 212, 121, 166, 136, 64, 30, 9, 0]]	973.0	1909.5097591876984	70.96389137570874
[[0, 24, 135, 83, 80, 81, 231, 102, 29, 235, 161, 11, 193, 91, 142, 203, 188, 165, 212, 79, 182, 49, 121, 197, 225, 0], [0, 204, 137, 77, 62, 153, 119, 71, 176, 26, 27, 47, 147, 2, 179, 237, 43, 123, 238, 18, 85, 198, 136, 166, 32, 12, 112, 9, 103, 0]]	950.0	1812.679630279541	71.65025365562518
