paths	score	execution_time	gap
[[0, 156, 135, 268, 176, 168, 211, 50, 170, 111, 67, 11, 39, 172, 261, 87, 78, 228, 167, 33, 215, 182, 121, 143, 197, 286, 103, 131, 0]]	551.0	1809.358314037323	84.99046581312993
[[0, 153, 268, 135, 221, 156, 53, 284, 3, 231, 254, 111, 67, 11, 39, 172, 232, 151, 223, 188, 127, 236, 133, 261, 228, 167, 197, 286, 0]]	506.0	1809.4135084152222	86.21628983928085
[[0, 156, 135, 268, 170, 50, 2, 250, 130, 219, 26, 123, 241, 166, 246, 228, 139, 167, 33, 215, 182, 143, 287, 197, 286, 103, 131, 0]]	508.0	1819.8641500473022	86.16180877145192
[[0, 156, 135, 153, 268, 118, 39, 176, 168, 223, 188, 127, 99, 210, 130, 78, 261, 273, 87, 228, 252, 167, 215, 33, 182, 197, 286, 131, 0]]	506.0	1810.554904460907	86.21628983928085
[[0, 156, 135, 268, 176, 118, 168, 211, 50, 170, 18, 40, 2, 237, 151, 223, 188, 127, 87, 78, 261, 273, 28, 133, 236, 225, 0]]	470.0	1802.6829047203064	87.19694906020158
