paths	score	execution_time	gap
[[0, 249, 268, 176, 118, 221, 3, 254, 111, 11, 86, 39, 172, 232, 151, 188, 127, 55, 78, 261, 273, 28, 133, 286, 0], [0, 81, 279, 175, 267, 195, 154, 52, 26, 219, 130, 238, 223, 209, 40, 23, 237, 96, 57, 227, 82, 181, 191, 0], [0, 153, 156, 135, 170, 50, 2, 274, 211, 168, 125, 220, 256, 20, 87, 228, 139, 167, 12, 33, 215, 182, 143, 121, 30, 197, 0]]	1258.0	1841.5279171466827	65.73140833560338
[[0, 267, 279, 84, 195, 46, 26, 219, 88, 130, 99, 127, 188, 250, 113, 151, 40, 209, 198, 82, 57, 96, 181, 191, 97, 0], [0, 135, 231, 254, 44, 25, 213, 90, 8, 200, 39, 125, 232, 237, 223, 166, 129, 246, 228, 167, 33, 215, 182, 121, 30, 197, 286, 0], [0, 156, 153, 268, 176, 118, 168, 211, 177, 3, 179, 111, 184, 67, 11, 172, 150, 78, 87, 55, 261, 273, 28, 133, 131, 0]]	1289.0	1847.3170187473297	64.88695178425498
[[0, 156, 268, 176, 118, 83, 168, 39, 125, 209, 40, 237, 232, 223, 188, 281, 67, 49, 173, 255, 269, 186, 218, 131, 0], [0, 267, 279, 138, 88, 46, 154, 52, 26, 219, 127, 99, 74, 78, 87, 151, 234, 113, 96, 82, 181, 191, 133, 236, 97, 0], [0, 153, 135, 170, 2, 50, 114, 221, 179, 111, 11, 285, 256, 194, 220, 172, 190, 28, 273, 261, 252, 228, 167, 197, 286, 0]]	1213.0	1817.7482559680939	66.9572323617543
[[0, 134, 174, 207, 170, 50, 2, 211, 58, 209, 190, 39, 220, 261, 87, 78, 228, 215, 33, 167, 273, 60, 218, 131, 0], [0, 249, 279, 267, 195, 154, 26, 219, 29, 16, 130, 210, 99, 127, 172, 256, 112, 41, 194, 28, 103, 286, 197, 0], [0, 156, 135, 153, 268, 168, 176, 118, 111, 231, 3, 67, 11, 125, 232, 188, 223, 151, 113, 234, 236, 133, 96, 57, 227, 191, 0]]	1248.0	1898.9449121952057	66.00381367474803
[[0, 153, 254, 152, 242, 231, 156, 135, 221, 3, 111, 11, 86, 39, 190, 172, 220, 261, 273, 286, 287, 197, 143, 228, 19, 252, 201, 0], [0, 149, 267, 195, 154, 52, 26, 219, 130, 138, 210, 99, 127, 188, 232, 223, 151, 237, 96, 57, 23, 191, 133, 28, 218, 131, 0], [0, 249, 176, 118, 268, 211, 2, 170, 50, 126, 250, 123, 241, 166, 246, 167, 12, 33, 215, 182, 30, 121, 192, 225, 178, 0]]	1294.0	1817.723541021347	64.75074911468265
