paths	score	execution_time	gap
[[0, 12, 7, 29, 4, 22, 56, 69, 44, 54, 32, 60, 19, 42, 58, 37, 0]]	282.0	498.8391065597534	70.25316455696202
[[0, 31, 2, 38, 35, 25, 22, 56, 69, 32, 44, 54, 3, 15, 45, 8, 34, 36, 0]]	288.0	545.1859562397003	69.62025316455697
[[0, 12, 7, 29, 4, 22, 56, 32, 69, 44, 54, 3, 15, 45, 8, 34, 36, 0]]	291.0	669.7700238227844	69.30379746835443
[[0, 31, 38, 2, 35, 56, 22, 69, 3, 32, 54, 44, 34, 8, 15, 45, 72, 0]]	288.0	737.2642774581909	69.62025316455697
[[0, 31, 2, 38, 35, 25, 22, 56, 69, 32, 3, 54, 44, 34, 8, 15, 45, 72, 0]]	298.0	804.8177256584167	68.56540084388185
