paths	score	execution_time	gap
[[0, 16, 53, 46, 29, 4, 9, 70, 30, 66, 21, 48, 58, 37, 19, 60, 36, 0], [0, 31, 2, 38, 35, 25, 22, 56, 69, 32, 54, 3, 44, 34, 8, 15, 45, 72, 0], [0, 12, 7, 50, 41, 23, 47, 68, 43, 51, 49, 61, 52, 42, 0]]	715.0	1800.8332636356354	24.578059071729957
[[0, 16, 53, 46, 29, 4, 70, 9, 30, 66, 48, 21, 55, 52, 37, 40, 0], [0, 12, 7, 50, 41, 23, 47, 68, 43, 51, 59, 61, 49, 58, 42, 19, 60, 36, 0], [0, 31, 2, 38, 35, 25, 22, 56, 32, 69, 3, 54, 44, 34, 8, 15, 45, 72, 0]]	728.0	1800.3166766166687	23.20675105485232
[[0, 12, 7, 50, 41, 23, 47, 43, 30, 70, 27, 60, 19, 42, 58, 37, 0], [0, 31, 2, 38, 35, 67, 25, 32, 69, 44, 54, 3, 15, 45, 8, 34, 36, 0], [0, 53, 29, 16, 56, 22, 4, 48, 66, 21, 63, 28, 52, 72, 0]]	709.0	1802.0461163520813	25.21097046413502
[[0, 53, 29, 25, 67, 14, 9, 30, 66, 48, 60, 70, 21, 55, 52, 28, 0], [0, 12, 7, 50, 41, 23, 47, 68, 43, 51, 59, 61, 49, 37, 58, 42, 19, 36, 0], [0, 31, 2, 38, 35, 56, 22, 69, 32, 44, 54, 3, 8, 72, 15, 45, 34, 0]]	726.0	1808.837909936905	23.417721518987342
[[0, 31, 2, 38, 35, 56, 22, 30, 66, 48, 21, 58, 37, 42, 19, 60, 36, 0], [0, 12, 7, 9, 67, 25, 69, 32, 62, 44, 54, 3, 34, 8, 15, 45, 0], [0, 53, 29, 43, 68, 23, 47, 41, 51, 59, 13, 63, 28, 52, 72, 0]]	704.0	1813.2131419181824	25.738396624472575
