paths	score	execution_time	gap
[[0, 136, 68, 108, 77, 125, 72, 54, 17, 114, 106, 133, 34, 8, 113, 35, 10, 109, 23, 140, 28, 101, 0], [0, 87, 105, 36, 100, 30, 48, 43, 24, 56, 55, 124, 112, 1, 41, 92, 144, 71, 59, 19, 0]]	769.0	1802.8264009952545	61.66500498504487
[[0, 63, 129, 74, 43, 72, 54, 125, 135, 56, 24, 123, 127, 133, 109, 28, 140, 13, 111, 71, 0], [0, 139, 77, 108, 68, 136, 83, 36, 52, 58, 48, 55, 92, 107, 21, 124, 112, 1, 76, 33, 41, 144, 59, 19, 0]]	745.0	1820.950697183609	62.86141575274178
[[0, 139, 77, 68, 108, 125, 46, 56, 72, 54, 115, 127, 97, 106, 133, 109, 113, 61, 8, 16, 23, 28, 140, 19, 0], [0, 100, 30, 43, 17, 20, 98, 131, 48, 55, 92, 24, 135, 33, 1, 85, 138, 41, 144, 71, 111, 0]]	795.0	1801.2423949241638	60.36889332003989
[[0, 139, 77, 108, 68, 125, 43, 72, 54, 135, 56, 24, 55, 48, 92, 1, 76, 112, 124, 138, 41, 144, 71, 111, 0], [0, 63, 53, 129, 74, 44, 17, 114, 127, 106, 133, 34, 109, 10, 128, 113, 8, 16, 23, 28, 140, 19, 0]]	781.0	1807.8987605571747	61.06679960119641
[[0, 95, 100, 30, 43, 72, 54, 114, 127, 97, 106, 133, 45, 33, 76, 138, 85, 1, 41, 144, 111, 0], [0, 136, 68, 108, 77, 125, 56, 75, 17, 98, 55, 48, 92, 135, 24, 59, 65, 23, 109, 101, 28, 140, 19, 0]]	748.0	1818.7567310333252	62.71186440677966
