paths	score	execution_time	gap
[[0, 74, 129, 77, 68, 125, 56, 72, 54, 43, 98, 55, 48, 92, 24, 135, 33, 76, 1, 41, 144, 71, 59, 19, 0]]	436.0	1805.4334378242493	78.26520438683949
[[0, 74, 77, 108, 68, 125, 56, 72, 54, 75, 17, 98, 55, 48, 92, 112, 1, 76, 33, 41, 144, 71, 59, 19, 0]]	440.0	1488.1006758213043	78.06580259222333
[[0, 139, 77, 108, 68, 46, 125, 54, 72, 43, 17, 98, 55, 48, 92, 24, 135, 33, 76, 1, 138, 41, 144, 59, 19, 0]]	442.0	1649.3156414031982	77.96610169491525
[[0, 100, 136, 68, 108, 77, 125, 54, 24, 135, 56, 92, 55, 124, 112, 1, 76, 33, 41, 144, 59, 19, 0]]	424.0	1800.5488471984863	78.86340977068794
[[0, 63, 129, 74, 77, 139, 108, 68, 125, 135, 56, 24, 92, 48, 107, 21, 124, 112, 76, 1, 41, 144, 71, 59, 19, 0]]	433.0	1321.8068916797638	78.4147557328016
