paths	score	execution_time	gap
[[0, 63, 129, 93, 114, 74, 106, 34, 133, 97, 127, 65, 123, 13, 109, 23, 61, 16, 0], [0, 136, 100, 30, 17, 20, 98, 48, 58, 112, 14, 76, 1, 107, 21, 124, 67, 70, 138, 0], [0, 117, 87, 37, 139, 50, 110, 8, 90, 113, 128, 10, 35, 42, 101, 28, 140, 111, 0], [0, 108, 77, 68, 46, 125, 54, 72, 56, 43, 55, 81, 92, 24, 135, 33, 85, 41, 144, 71, 59, 19, 0]]	1243.0	1872.5620074272156	38.03589232303091
[[0, 136, 46, 68, 108, 139, 77, 125, 75, 17, 98, 55, 48, 92, 135, 45, 33, 76, 85, 1, 41, 144, 59, 19, 0], [0, 117, 87, 37, 62, 32, 56, 24, 107, 112, 14, 70, 67, 124, 60, 138, 0], [0, 63, 122, 129, 74, 50, 22, 38, 4, 118, 51, 128, 113, 8, 23, 10, 109, 28, 140, 71, 111, 0], [0, 100, 30, 43, 72, 54, 44, 115, 127, 106, 133, 34, 102, 39, 130, 141, 27, 101, 0]]	1282.0	1821.6437480449677	36.09172482552343
[[0, 63, 74, 129, 25, 50, 22, 26, 110, 51, 4, 113, 8, 123, 47, 141, 101, 0], [0, 139, 108, 68, 77, 125, 56, 46, 72, 54, 17, 98, 55, 48, 92, 24, 135, 33, 1, 85, 124, 138, 41, 144, 111, 0], [0, 53, 122, 29, 84, 93, 114, 127, 97, 106, 133, 34, 104, 10, 102, 28, 109, 140, 23, 19, 59, 0], [0, 136, 30, 100, 83, 36, 58, 94, 86, 52, 112, 14, 64, 76, 107, 21, 60, 2, 71, 0]]	1256.0	1802.4670684337616	37.387836490528414
[[0, 139, 77, 5, 108, 68, 125, 72, 54, 75, 17, 43, 24, 135, 56, 92, 55, 59, 65, 33, 1, 85, 41, 144, 0], [0, 117, 87, 37, 50, 34, 97, 106, 8, 113, 133, 140, 10, 35, 23, 16, 61, 19, 0], [0, 63, 74, 129, 93, 114, 44, 115, 127, 102, 39, 47, 71, 99, 2, 111, 0], [0, 136, 100, 83, 36, 52, 30, 48, 131, 98, 123, 13, 109, 28, 141, 101, 0]]	1198.0	1803.7649450302124	40.27916251246261
[[0, 57, 29, 84, 74, 50, 106, 127, 97, 34, 102, 109, 133, 23, 8, 113, 42, 35, 101, 28, 140, 0], [0, 136, 68, 108, 125, 77, 54, 72, 43, 48, 56, 24, 45, 135, 33, 92, 124, 2, 71, 0], [0, 100, 30, 36, 83, 32, 14, 112, 64, 107, 70, 67, 138, 85, 1, 41, 59, 111, 0], [0, 63, 129, 122, 93, 114, 115, 17, 55, 98, 131, 144, 65, 19, 61, 16, 0]]	1207.0	1819.0452768802643	39.83050847457627
