paths	score	execution_time	gap
[[0, 63, 53, 129, 74, 22, 50, 97, 127, 106, 34, 133, 90, 8, 113, 61, 23, 109, 101, 28, 140, 0], [0, 30, 100, 36, 83, 136, 32, 14, 48, 107, 21, 124, 112, 76, 1, 85, 138, 41, 111, 0], [0, 108, 68, 139, 77, 125, 54, 72, 43, 17, 98, 55, 56, 135, 24, 92, 144, 99, 123, 71, 59, 19, 0]]	1043.0	1835.0209498405457	48.00598205383849
[[0, 136, 100, 43, 72, 56, 125, 127, 106, 133, 34, 109, 113, 8, 16, 61, 23, 140, 28, 101, 0], [0, 63, 129, 53, 84, 93, 20, 98, 17, 123, 65, 135, 45, 33, 76, 21, 124, 2, 71, 111, 0], [0, 139, 77, 108, 68, 115, 114, 75, 54, 24, 92, 112, 14, 70, 138, 1, 41, 144, 59, 19, 0]]	1006.0	1800.0532584190369	49.85044865403789
[[0, 139, 77, 5, 108, 68, 125, 46, 72, 54, 17, 43, 24, 135, 56, 92, 55, 99, 123, 71, 144, 41, 59, 19, 0], [0, 136, 30, 100, 83, 36, 52, 58, 86, 14, 112, 64, 107, 21, 124, 1, 76, 33, 85, 138, 0], [0, 63, 122, 129, 74, 114, 115, 34, 106, 97, 127, 133, 109, 10, 23, 8, 113, 61, 140, 28, 101, 0]]	1064.0	1831.363716840744	46.959122632103686
[[0, 136, 30, 100, 83, 36, 52, 86, 94, 58, 48, 92, 24, 107, 21, 124, 60, 2, 138, 0], [0, 139, 77, 5, 108, 68, 125, 54, 72, 56, 135, 43, 55, 112, 14, 76, 91, 33, 1, 85, 41, 144, 71, 111, 0], [0, 63, 129, 74, 22, 50, 34, 114, 127, 106, 133, 128, 113, 8, 23, 35, 10, 109, 101, 28, 140, 19, 0]]	1041.0	1840.767098903656	48.10568295114656
[[0, 136, 30, 100, 83, 36, 52, 95, 86, 58, 64, 112, 14, 1, 76, 33, 41, 92, 111, 71, 19, 0], [0, 139, 108, 68, 77, 125, 46, 56, 72, 43, 48, 55, 98, 24, 135, 65, 59, 123, 99, 144, 138, 0], [0, 63, 129, 93, 114, 74, 106, 50, 133, 97, 127, 34, 109, 35, 128, 113, 8, 61, 23, 140, 28, 101, 0]]	1034.0	1845.7926008701324	48.45463609172482
