paths	score	execution_time	gap
[[0, 191, 192, 29, 180, 59, 64, 105, 120, 23, 117, 78, 214, 39, 150, 140, 94, 83, 144, 213, 10, 0], [0, 215, 97, 201, 148, 109, 122, 131, 206, 204, 113, 138, 89, 183, 207, 108, 16, 156, 118, 127, 179, 9, 19, 53, 54, 58, 0], [0, 43, 205, 135, 137, 171, 115, 80, 63, 37, 157, 184, 146, 126, 161, 153, 173, 175, 51, 170, 74, 5, 73, 154, 128, 0]]	1122.0	1870.2692737579346	58.99122807017544
[[0, 27, 192, 166, 211, 72, 203, 176, 206, 204, 113, 89, 173, 24, 79, 47, 39, 110, 172, 140, 68, 199, 0], [0, 158, 135, 80, 171, 137, 43, 120, 105, 23, 64, 126, 146, 157, 184, 98, 37, 100, 210, 54, 87, 53, 19, 58, 0], [0, 191, 29, 180, 164, 136, 71, 48, 215, 131, 122, 96, 8, 195, 57, 74, 116, 212, 51, 170, 5, 156, 73, 175, 0]]	1097.0	1816.8383977413177	59.90497076023392
[[0, 27, 192, 166, 164, 206, 204, 113, 138, 90, 157, 83, 184, 98, 210, 54, 53, 19, 154, 73, 118, 128, 0], [0, 158, 135, 80, 105, 59, 64, 180, 67, 23, 120, 214, 117, 78, 39, 79, 9, 175, 170, 0], [0, 107, 208, 50, 96, 97, 215, 201, 75, 165, 51, 89, 173, 24, 212, 116, 74, 58, 0]]	1049.0	1873.8614542484283	61.659356725146196
[[0, 43, 205, 59, 180, 29, 113, 204, 206, 85, 76, 21, 156, 73, 108, 127, 154, 53, 19, 9, 175, 170, 128, 0], [0, 215, 97, 201, 136, 164, 138, 64, 105, 23, 120, 117, 78, 214, 39, 86, 110, 47, 2, 58, 0], [0, 158, 135, 137, 171, 80, 115, 63, 157, 126, 104, 163, 184, 37, 193, 210, 100, 98, 144, 83, 140, 68, 143, 0]]	1038.0	1888.9502987861633	62.06140350877193
[[0, 107, 208, 50, 96, 97, 201, 75, 71, 48, 145, 89, 173, 183, 51, 207, 73, 108, 127, 53, 154, 16, 156, 21, 31, 118, 128, 0], [0, 158, 135, 80, 104, 29, 180, 64, 105, 23, 120, 177, 146, 37, 144, 98, 210, 193, 100, 112, 213, 10, 0], [0, 27, 166, 164, 192, 178, 157, 198, 63, 163, 126, 139, 83, 184, 133, 68, 94, 199, 140, 110, 58, 0]]	1058.0	1851.6280047893524	61.33040935672515
