paths	score	execution_time	gap
[[0, 107, 208, 148, 109, 131, 201, 97, 50, 8, 96, 102, 21, 156, 76, 118, 16, 5, 73, 108, 127, 87, 53, 19, 170, 0]]	443.0	1809.3853135108948	83.80847953216374
[[0, 215, 97, 201, 109, 148, 208, 49, 50, 8, 96, 51, 156, 21, 76, 118, 16, 127, 108, 73, 207, 5, 170, 116, 175, 58, 0]]	467.0	1809.9986639022827	82.93128654970761
[[0, 191, 29, 164, 136, 215, 131, 109, 148, 206, 204, 89, 173, 51, 207, 73, 108, 156, 76, 118, 16, 127, 87, 53, 19, 175, 0]]	424.0	1816.4102232456207	84.50292397660819
[[0, 215, 97, 201, 109, 208, 50, 96, 8, 49, 160, 195, 102, 21, 156, 76, 118, 16, 127, 108, 73, 207, 5, 170, 154, 19, 58, 0]]	456.0	1805.46852684021	83.33333333333334
[[0, 191, 164, 109, 148, 97, 96, 50, 8, 49, 160, 195, 102, 21, 76, 156, 16, 127, 108, 73, 5, 170, 74, 116, 212, 175, 58, 0]]	475.0	1818.053873538971	82.63888888888889
