paths	score	execution_time	gap
[[0, 206, 246, 263, 108, 143, 261, 166, 32, 219, 181, 115, 158, 2, 42, 34, 232, 205, 249, 35, 119, 126, 86, 51, 83, 161, 69, 0]]	522.0	1807.8502531051636	86.44155844155844
[[0, 206, 246, 263, 108, 143, 261, 166, 32, 124, 219, 25, 181, 2, 42, 34, 232, 205, 249, 35, 126, 100, 179, 129, 17, 157, 118, 51, 161, 69, 0]]	541.0	1814.5268828868866	85.94805194805195
[[0, 261, 143, 166, 263, 108, 275, 20, 42, 79, 185, 115, 181, 232, 205, 249, 100, 244, 160, 112, 233, 179, 157, 17, 129, 126, 86, 51, 161, 69, 152, 0]]	524.0	1817.1337804794312	86.3896103896104
[[0, 261, 143, 166, 108, 263, 246, 206, 138, 65, 9, 207, 260, 160, 233, 277, 179, 100, 126, 86, 35, 205, 49, 69, 161, 51, 83, 14, 54, 0]]	545.0	1834.282117843628	85.84415584415585
[[0, 206, 246, 263, 108, 180, 219, 181, 275, 94, 20, 42, 34, 232, 205, 249, 35, 126, 244, 122, 179, 100, 86, 51, 161, 26, 83, 14, 54, 0]]	521.0	1827.1159822940826	86.46753246753246
