paths	score	execution_time	gap
[[0, 206, 246, 263, 108, 180, 181, 61, 115, 42, 34, 20, 205, 232, 2, 258, 158, 27, 72, 155, 242, 71, 101, 208, 134, 49, 161, 69, 0], [0, 261, 143, 166, 190, 188, 278, 281, 138, 65, 9, 260, 10, 233, 277, 100, 179, 244, 160, 112, 144, 173, 177, 129, 17, 157, 118, 54, 14, 83, 51, 0]]	1001.0	1800.2869217395782	74.0
[[0, 108, 180, 219, 61, 109, 185, 79, 16, 2, 42, 34, 20, 232, 181, 267, 205, 249, 86, 126, 100, 179, 157, 17, 129, 51, 161, 83, 14, 54, 0], [0, 106, 13, 246, 206, 138, 103, 65, 75, 9, 263, 10, 260, 233, 160, 244, 98, 62, 288, 23, 141, 21, 208, 6, 101, 38, 110, 128, 152, 0]]	942.0	1863.0475552082062	75.53246753246754
[[0, 261, 108, 246, 206, 50, 64, 138, 65, 263, 277, 35, 249, 205, 232, 97, 267, 114, 226, 119, 126, 86, 51, 161, 262, 69, 0], [0, 180, 219, 202, 185, 109, 181, 275, 42, 34, 115, 158, 72, 2, 258, 94, 100, 179, 17, 129, 49, 6, 101, 0]]	890.0	1818.8171367645264	76.88311688311688
[[0, 261, 108, 180, 219, 61, 109, 181, 275, 20, 42, 34, 232, 205, 249, 35, 100, 179, 233, 126, 86, 51, 29, 208, 6, 110, 128, 152, 0], [0, 246, 206, 64, 263, 75, 65, 103, 50, 138, 189, 281, 9, 260, 207, 173, 144, 160, 112, 244, 62, 288, 161, 36, 26, 83, 14, 54, 0]]	952.0	1873.7980263233185	75.27272727272727
[[0, 261, 143, 166, 108, 180, 219, 25, 181, 275, 20, 34, 42, 151, 2, 258, 232, 205, 249, 35, 126, 86, 69, 134, 208, 6, 110, 128, 152, 0], [0, 246, 206, 30, 187, 64, 50, 138, 65, 263, 75, 9, 260, 10, 233, 277, 100, 179, 160, 112, 207, 177, 144, 173, 129, 17, 157, 118, 54, 14, 51, 0]]	1026.0	1877.9552717208862	73.35064935064935
