paths	score	execution_time	gap
[[0, 206, 246, 108, 180, 268, 87, 275, 20, 42, 248, 2, 34, 94, 249, 35, 126, 100, 179, 86, 51, 83, 26, 161, 69, 0], [0, 39, 196, 191, 91, 178, 170, 142, 263, 98, 277, 207, 260, 9, 112, 233, 160, 122, 244, 62, 288, 23, 208, 101, 110, 128, 152, 0], [0, 44, 185, 109, 61, 181, 219, 284, 25, 114, 97, 267, 115, 158, 232, 134, 141, 205, 119, 129, 17, 157, 177, 118, 14, 54, 0]]	1338.0	1842.4823381900787	65.24675324675324
[[0, 246, 206, 263, 108, 180, 181, 20, 275, 87, 94, 42, 34, 232, 205, 249, 35, 26, 146, 83, 288, 161, 51, 14, 54, 118, 274, 0], [0, 39, 191, 11, 220, 196, 56, 44, 7, 242, 155, 72, 27, 243, 158, 71, 110, 128, 152, 221, 69, 0], [0, 178, 185, 109, 219, 32, 166, 143, 207, 251, 277, 100, 179, 244, 160, 112, 9, 144, 173, 177, 17, 129, 126, 49, 6, 101, 0]]	1341.0	1929.8607847690582	65.16883116883116
[[0, 219, 180, 275, 20, 185, 109, 61, 25, 114, 97, 267, 181, 115, 232, 205, 249, 35, 126, 86, 51, 54, 161, 69, 0], [0, 206, 246, 263, 108, 268, 87, 42, 248, 16, 155, 27, 243, 158, 2, 34, 43, 141, 94, 288, 83, 62, 14, 184, 118, 274, 140, 0], [0, 261, 143, 166, 103, 64, 50, 138, 281, 189, 65, 75, 9, 260, 207, 173, 144, 112, 160, 122, 244, 179, 100, 129, 17, 157, 177, 279, 116, 0]]	1345.0	1803.629301071167	65.06493506493507
[[0, 246, 206, 64, 263, 108, 219, 25, 42, 34, 232, 249, 35, 94, 288, 244, 54, 62, 126, 49, 6, 110, 0], [0, 261, 143, 166, 180, 109, 185, 253, 133, 243, 27, 158, 242, 72, 2, 258, 205, 28, 141, 43, 69, 161, 29, 152, 128, 0], [0, 178, 191, 39, 11, 204, 196, 91, 170, 275, 20, 115, 181, 267, 97, 114, 226, 119, 100, 179, 129, 17, 157, 177, 118, 14, 83, 51, 0]]	1280.0	1927.9612374305725	66.75324675324676
[[0, 206, 246, 263, 103, 138, 229, 64, 50, 95, 30, 94, 34, 232, 205, 249, 35, 126, 100, 179, 244, 83, 52, 161, 29, 69, 51, 0], [0, 178, 191, 39, 11, 204, 196, 91, 42, 16, 7, 56, 242, 72, 2, 258, 43, 146, 288, 62, 14, 54, 118, 157, 177, 140, 0], [0, 261, 143, 166, 108, 275, 20, 109, 185, 79, 243, 27, 158, 115, 12, 73, 159, 267, 97, 114, 226, 119, 49, 134, 221, 76, 128, 110, 152, 0]]	1342.0	1802.4125525951385	65.14285714285715
